event_id,customer_id,event_time,plan_mrr,currency,event_type
EVT_01592,CUST_0101,2025-09-14 19:37:00,29,USD,upgrade
EVT_00944,CUST_0116,2025-05-13 06:34:00,99,USD,cancel
EVT_00870,CUST_0068,2025-07-05 02:04:00,999,USD,upgrade
EVT_00163,CUST_0033,2025-06-11 20:43:00,2514600,VND,downgrade
EVT_01272,CUST_0054,2025-04-08 11:13:00,0,EUR,upgrade
EVT_00071,CUST_0076,2025-12-23 10:11:00,29,EUR,upgrade
EVT_00248,CUST_0119,2025-01-12 13:08:00,29,USD,upgrade
EVT_00323,CUST_0013,2025-03-21 12:50:00,29,EUR,downgrade
EVT_01660,CUST_0005,2025-07-08 05:50:00,29,EUR,upgrade
EVT_01005,CUST_0061,2025-07-22 13:00:00,29,USD,upgrade
EVT_01663,CUST_0067,2025-08-08 08:28:00,29,EUR,cancel
EVT_00910,CUST_0099,2025-07-31 16:35:00,99,EUR,signup
EVT_01226,CUST_0023,2025-06-02 11:09:00,29,EUR,cancel
EVT_00902,CUST_0060,2025-08-24 11:13:00,29,USD,downgrade
EVT_00592,CUST_0097,2025-01-16 00:57:00,0,USD,signup
EVT_01274,CUST_0012,2025-04-16 18:40:00,99,EUR,upgrade
EVT_00555,CUST_0028,2025-06-10 17:26:00,7594600,VND,upgrade
EVT_01062,CUST_0058,2025-01-17 10:19:00,29,USD,signup
EVT_00530,CUST_0022,2025-06-11 13:43:00,29,USD,upgrade
EVT_01720,CUST_0050,2025-08-17 23:07:00,7594600,VND,cancel
EVT_00722,CUST_0069,2025-12-01 14:01:00,29,USD,cancel
EVT_00562,CUST_0018,2025-04-25 20:17:00,0,USD,signup
EVT_00539,CUST_0120,2025-03-17 10:42:00,0,USD,upgrade
EVT_01254,CUST_0056,2025-01-24 08:14:00,299,USD,upgrade
EVT_00496,CUST_0089,2025-07-12 00:50:00,29,USD,upgrade
EVT_00651,CUST_0027,2025-11-30 21:16:00,99,USD,upgrade
EVT_00716,CUST_0032,2025-06-07 05:08:00,0,USD,signup
EVT_00531,CUST_0068,2025-02-13 12:57:00,29,USD,upgrade
EVT_01574,CUST_0032,2025-01-31 05:28:00,999,USD,signup
EVT_01583,CUST_0064,2025-02-12 14:29:00,7594600,VND,signup
EVT_01724,CUST_0032,2025-06-03 20:37:00,299,USD,downgrade
EVT_01299,CUST_0007,2025-01-29 10:53:00,299,USD,upgrade
EVT_00472,CUST_0096,2025-12-04 10:37:00,0,USD,upgrade
EVT_01345,CUST_0012,2025-11-08 05:04:00,99,USD,upgrade
EVT_00290,CUST_0080,2025-11-07 00:23:00,736600,VND,upgrade
EVT_01562,CUST_0114,2025-10-20 10:46:00,999,EUR,upgrade
EVT_01634,CUST_0105,2025-07-08 18:03:00,0,USD,signup
EVT_00620,CUST_0056,2025-08-13 09:54:00,2514600,VND,downgrade
EVT_01428,CUST_0115,2025-10-02 19:04:00,29,USD,downgrade
EVT_00661,CUST_0078,2025-03-15 13:40:00,99,USD,upgrade
EVT_01487,CUST_0024,2025-08-06 11:47:00,736600,VND,cancel
EVT_01356,CUST_0109,2025-10-13 13:20:00,29,EUR,upgrade
EVT_01741,CUST_0024,2025-03-20 12:27:00,29,USD,upgrade
EVT_00353,CUST_0089,2025-08-18 10:39:00,29,EUR,upgrade
EVT_00552,CUST_0117,2025-05-25 08:16:00,299,USD,cancel
EVT_00066,CUST_0102,2025-04-05 00:33:00,0,EUR,upgrade
EVT_01349,CUST_0089,2025-08-08 04:42:00,25374600,VND,upgrade
EVT_00325,CUST_0072,2025-11-18 06:16:00,0,EUR,downgrade
EVT_01135,CUST_0095,2025-10-29 16:20:00,29,USD,signup
EVT_01644,CUST_0065,2025-12-22 23:43:00,0,USD,downgrade
EVT_00252,CUST_0046,2025-09-29 04:40:00,29,USD,downgrade
EVT_01354,CUST_0036,2025-09-03 14:32:00,0,USD,upgrade
EVT_00611,CUST_0055,2025-05-22 18:14:00,736600,VND,downgrade
EVT_01371,CUST_0024,2025-08-02 21:54:00,736600,VND,downgrade
EVT_00679,CUST_0023,2025-12-26 01:18:00,99,USD,upgrade
EVT_01337,CUST_0075,2025-06-24 06:32:00,99,USD,upgrade
EVT_01340,CUST_0051,2025-05-12 11:58:00,299,USD,downgrade
EVT_00030,CUST_0113,2025-12-26 17:30:00,29,USD,downgrade
EVT_01122,CUST_0116,2025-04-04 03:32:00,0,USD,upgrade
EVT_01710,CUST_0101,2025-06-09 13:50:00,999,EUR,cancel
EVT_00136,CUST_0055,2025-03-11 11:01:00,29,USD,cancel
EVT_00652,CUST_0106,2025-10-11 04:47:00,299,USD,upgrade
EVT_01650,CUST_0073,2025-08-09 17:43:00,299,USD,downgrade
EVT_00681,CUST_0071,2025-10-29 06:10:00,0,USD,downgrade
EVT_01673,CUST_0056,2025-05-23 17:22:00,299,USD,upgrade
EVT_01455,CUST_0091,2025-12-28 04:56:00,0,USD,upgrade
EVT_01494,CUST_0028,2025-01-20 15:14:00,29,USD,cancel
EVT_01311,CUST_0094,2025-02-10 03:14:00,2514600,VND,upgrade
EVT_00556,CUST_0112,2025-09-12 03:22:00,7594600,VND,upgrade
EVT_01596,CUST_0075,2025-10-06 19:20:00,99,USD,cancel
EVT_00383,CUST_0061,2025-12-09 14:54:00,29,,upgrade
EVT_00174,CUST_0051,2025-09-09 19:39:00,0,VND,downgrade
EVT_00110,CUST_0088,2025-05-25 00:53:00,29,USD,signup
EVT_00571,CUST_0056,2025-12-11 13:39:00,99,USD,cancel
EVT_00536,CUST_0018,2025-10-31 09:10:00,299,USD,upgrade
EVT_01605,CUST_0047,2025-05-13 21:41:00,99,EUR,upgrade
EVT_01028,CUST_0028,2025-09-15 08:28:00,999,USD,downgrade
EVT_00865,CUST_0042,2025-04-03 11:40:00,29,EUR,signup
EVT_00240,CUST_0110,2025-01-31 20:56:00,29,USD,signup
EVT_00112,CUST_0068,2025-07-18 18:35:00,29,EUR,upgrade
EVT_01661,CUST_0106,2025-05-01 18:21:00,99,USD,signup
EVT_00949,CUST_0016,2025-08-16 05:00:00,29,USD,upgrade
EVT_00590,CUST_0113,2025-03-07 11:03:00,29,USD,downgrade
EVT_00818,CUST_0051,2025-08-14 11:10:00,2514600,VND,downgrade
EVT_00024,CUST_0034,2025-05-14 16:37:00,0,USD,upgrade
EVT_01568,CUST_0078,2025-06-03 11:26:00,29,USD,downgrade
EVT_01790,CUST_0105,2025-09-19 11:20:00,99,USD,signup
EVT_01256,CUST_0024,2025-11-13 07:18:00,0,USD,upgrade
EVT_00519,CUST_0081,2025-10-28 01:28:00,736600,VND,downgrade
EVT_00430,CUST_0045,2025-06-28 02:20:00,29,USD,upgrade
EVT_00655,CUST_0089,2025-06-29 13:54:00,99,USD,downgrade
EVT_00332,CUST_0026,2025-03-22 15:42:00,29,USD,signup
EVT_00189,CUST_0046,2025-08-02 06:46:00,736600,VND,signup
EVT_01726,CUST_0105,2025-12-09 03:14:00,0,USD,upgrade
EVT_00384,CUST_0063,2025-10-09 21:32:00,29,USD,signup
EVT_00439,CUST_0065,2025-07-08 15:32:00,29,USD,upgrade
EVT_01776,CUST_0017,2025-10-21 21:10:00,0,USD,signup
EVT_00591,CUST_0023,2025-09-08 10:07:00,99,USD,upgrade
EVT_00211,CUST_0101,2025-05-02 22:38:00,29,USD,downgrade
EVT_00221,CUST_0014,2025-01-29 08:56:00,736600,VND,downgrade
EVT_00204,CUST_0026,2025-12-16 15:06:00,29,USD,upgrade
EVT_00440,CUST_0075,2025-12-19 11:16:00,29,USD,signup
EVT_01620,CUST_0066,2025-11-21 10:03:00,99,USD,cancel
EVT_01518,CUST_0068,2025-07-16 00:55:00,0,USD,signup
EVT_01742,CUST_0031,2025-12-09 20:35:00,0,EUR,downgrade
EVT_00583,CUST_0042,2025-11-18 03:49:00,0,USD,upgrade
EVT_01734,CUST_0079,2025-01-11 12:22:00,29,USD,signup
EVT_00484,CUST_0071,2025-09-17 04:42:00,29,USD,cancel
EVT_01250,CUST_0054,2025-10-15 03:37:00,99,EUR,downgrade
EVT_00783,CUST_0104,2025-04-29 20:30:00,736600,VND,upgrade
EVT_00482,CUST_0089,2025-07-08 11:49:00,29,USD,downgrade
EVT_00515,CUST_0065,2025-08-24 16:44:00,29,USD,upgrade
EVT_00950,CUST_0090,2025-07-14 22:34:00,99,EUR,signup
EVT_00969,CUST_0017,2025-11-11 09:13:00,29,USD,upgrade
EVT_00612,CUST_0057,2025-07-16 21:15:00,999,EUR,signup
EVT_00803,CUST_0080,2025-12-03 21:37:00,99,EUR,downgrade
EVT_00528,CUST_0013,2025-05-15 16:23:00,299,USD,downgrade
EVT_00768,CUST_0115,2025-02-15 23:52:00,736600,VND,upgrade
EVT_00599,CUST_0031,2025-04-26 03:33:00,0,USD,upgrade
EVT_00116,CUST_0094,2025-07-08 20:14:00,0,USD,downgrade
EVT_00507,CUST_0031,2025-11-14 12:06:00,2514600,VND,upgrade
EVT_00545,CUST_0054,2025-04-06 13:35:00,29,USD,signup
EVT_00351,CUST_0105,2025-07-22 16:46:00,99,USD,upgrade
EVT_01388,CUST_0028,2025-09-09 19:15:00,29,USD,signup
EVT_01718,CUST_0092,2025-07-13 12:26:00,29,EUR,downgrade
EVT_01752,CUST_0038,2025-03-14 09:09:00,736600,VND,signup
EVT_01051,CUST_0048,2025-10-16 05:38:00,299,EUR,downgrade
EVT_01202,CUST_0018,2025-09-03 00:55:00,0,USD,downgrade
EVT_00276,CUST_0084,2025-01-06 17:12:00,736600,VND,upgrade
EVT_00345,CUST_0065,2025-06-01 20:23:00,0,USD,signup
EVT_01777,CUST_0035,2025-10-12 06:46:00,29,USD,downgrade
EVT_01217,CUST_0087,2025-08-04 02:54:00,99,USD,upgrade
EVT_00711,CUST_0029,2025-08-23 20:59:00,299,EUR,downgrade
EVT_00343,CUST_0115,2025-05-25 18:32:00,0,USD,upgrade
EVT_01197,CUST_0022,2025-06-20 00:46:00,29,EUR,upgrade
EVT_00483,CUST_0014,2025-08-17 16:12:00,299,EUR,signup
EVT_00887,CUST_0091,2025-02-21 06:14:00,0,EUR,downgrade
EVT_00333,CUST_0095,2025-04-11 19:14:00,999,USD,signup
EVT_01166,CUST_0012,2025-06-04 18:09:00,0,USD,signup
EVT_00125,CUST_0009,2025-07-15 10:54:00,299,USD,downgrade
EVT_00544,CUST_0011,2025-11-24 04:55:00,99,EUR,cancel
EVT_01125,CUST_0115,2025-10-06 16:52:00,99,EUR,signup
EVT_00050,CUST_0098,2025-05-04 15:06:00,29,USD,signup
EVT_01212,CUST_0017,2025-09-21 21:21:00,29,USD,upgrade
EVT_00427,CUST_0108,2025-05-29 21:50:00,29,EUR,downgrade
EVT_00701,CUST_0064,2025-05-26 01:22:00,99,EUR,upgrade
EVT_01161,CUST_0107,2025-01-09 19:35:00,29,USD,downgrade
EVT_01778,CUST_0085,2025-06-13 00:15:00,0,USD,downgrade
EVT_00893,CUST_0096,2025-04-15 08:44:00,2514600,VND,downgrade
EVT_01165,CUST_0044,2025-03-24 05:05:00,29,USD,upgrade
EVT_01512,CUST_0012,2025-10-29 03:02:00,99,USD,cancel
EVT_01788,CUST_0024,2025-07-27 07:03:00,7594600,VND,upgrade
EVT_01209,CUST_0072,2025-07-13 07:07:00,736600,VND,downgrade
EVT_01766,CUST_0113,2025-05-26 14:26:00,2514600,VND,signup
EVT_00234,CUST_0085,2025-09-06 11:50:00,99,USD,upgrade
EVT_00079,CUST_0067,2025-03-17 16:50:00,29,USD,signup
EVT_00882,CUST_0114,2025-03-06 00:00:00,99,EUR,signup
EVT_00615,CUST_0117,2025-02-17 03:56:00,29,USD,downgrade
EVT_00415,CUST_0070,2025-05-16 06:44:00,0,EUR,cancel
EVT_00074,CUST_0013,2025-12-08 23:00:00,99,EUR,cancel
EVT_00621,CUST_0004,2025-11-09 01:24:00,29,USD,downgrade
EVT_00070,CUST_0080,2025-09-25 17:42:00,2514600,VND,signup
EVT_01608,CUST_0037,2025-07-19 01:10:00,2514600,,signup
EVT_01319,CUST_0021,2025-07-30 11:44:00,29,USD,upgrade
EVT_00786,CUST_0065,2025-10-28 01:15:00,7594600,VND,upgrade
EVT_00778,CUST_0109,2025-06-22 21:11:00,99,EUR,upgrade
EVT_01755,CUST_0084,2025-07-18 21:05:00,736600,VND,cancel
EVT_00451,CUST_0071,2025-02-11 07:36:00,29,USD,cancel
EVT_00846,CUST_0089,2025-04-11 09:48:00,299,EUR,upgrade
EVT_00845,CUST_0021,2025-04-26 02:01:00,0,VND,cancel
EVT_00868,CUST_0033,2025-03-29 13:25:00,99,EUR,signup
EVT_00850,CUST_0081,2025-08-20 22:41:00,99,USD,signup
EVT_01263,CUST_0086,2025-07-13 08:23:00,29,USD,downgrade
EVT_00077,CUST_0033,2025-01-17 06:35:00,0,EUR,upgrade
EVT_01506,CUST_0107,2025-10-05 18:16:00,0,VND,upgrade
EVT_00938,CUST_0024,2025-12-01 18:13:00,2514600,VND,downgrade
EVT_01522,CUST_0025,2025-06-17 14:20:00,99,USD,downgrade
EVT_01287,CUST_0076,2025-12-29 17:21:00,2514600,VND,signup
EVT_00781,CUST_0113,2025-12-21 13:00:00,29,USD,downgrade
EVT_01363,CUST_0046,2025-01-05 10:15:00,2514600,VND,signup
EVT_01327,CUST_0033,2025-11-15 15:15:00,99,EUR,signup
EVT_00702,CUST_0078,2025-08-12 06:33:00,99,USD,upgrade
EVT_01240,CUST_0018,2025-10-31 20:52:00,29,EUR,signup
EVT_00706,CUST_0098,2025-02-05 06:55:00,99,USD,cancel
EVT_01321,CUST_0106,2025-05-22 21:20:00,99,USD,upgrade
EVT_00031,CUST_0061,2025-05-26 08:33:00,299,EUR,upgrade
EVT_01320,CUST_0115,2025-12-01 06:04:00,29,USD,signup
EVT_01465,CUST_0048,2025-05-23 06:35:00,29,EUR,signup
EVT_01636,CUST_0090,2025-01-20 10:34:00,0,EUR,signup
EVT_00368,CUST_0067,2025-02-28 21:06:00,736600,VND,upgrade
EVT_00409,CUST_0068,2025-11-18 02:07:00,0,EUR,downgrade
EVT_01030,CUST_0040,2025-04-18 10:10:00,2514600,VND,upgrade
EVT_01396,CUST_0055,2025-02-24 12:59:00,736600,VND,downgrade
EVT_01413,CUST_0043,2025-09-25 23:38:00,299,USD,upgrade
EVT_00100,CUST_0068,2025-10-11 11:37:00,99,USD,downgrade
EVT_01145,CUST_0053,2025-07-17 02:22:00,29,USD,signup
EVT_01109,CUST_0008,2025-12-23 05:11:00,999,USD,downgrade
EVT_01638,CUST_0008,2025-02-21 22:35:00,0,USD,cancel
EVT_01090,CUST_0082,2025-12-14 23:39:00,736600,VND,upgrade
EVT_00856,CUST_0042,2025-06-18 03:47:00,99,USD,upgrade
EVT_00788,CUST_0112,2025-03-21 22:19:00,29,USD,signup
EVT_00169,CUST_0060,2025-06-14 21:40:00,99,USD,signup
EVT_00943,CUST_0051,2025-06-18 21:15:00,29,EUR,downgrade
EVT_00213,CUST_0116,2025-06-30 04:30:00,0,VND,signup
EVT_01545,CUST_0032,2025-07-21 11:59:00,0,EUR,signup
EVT_01044,CUST_0011,2025-09-25 04:15:00,2514600,VND,downgrade
EVT_01728,CUST_0049,2025-11-14 05:19:00,0,USD,downgrade
EVT_00481,CUST_0013,2025-08-02 16:23:00,99,USD,downgrade
EVT_01594,CUST_0071,2025-10-06 11:08:00,0,VND,cancel
EVT_01441,CUST_0010,2025-01-10 23:45:00,0,USD,signup
EVT_01747,CUST_0079,2025-03-08 19:44:00,29,USD,cancel
EVT_00033,CUST_0074,2025-05-25 03:43:00,99,USD,cancel
EVT_00918,CUST_0100,2025-12-01 06:12:00,99,EUR,cancel
EVT_01164,CUST_0017,2025-11-08 16:27:00,0,VND,cancel
EVT_00421,CUST_0098,2025-05-27 18:11:00,29,USD,upgrade
EVT_01443,CUST_0092,2025-06-12 02:43:00,99,EUR,downgrade
EVT_01188,CUST_0005,2025-08-02 15:22:00,29,EUR,downgrade
EVT_01305,CUST_0108,2025-12-28 23:00:00,736600,VND,signup
EVT_00904,CUST_0016,2025-05-04 08:50:00,736600,VND,cancel
EVT_00186,CUST_0024,2025-10-31 08:29:00,99,USD,upgrade
EVT_00963,CUST_0084,2025-04-25 05:00:00,29,USD,signup
EVT_01541,CUST_0088,2025-11-21 13:42:00,0,USD,upgrade
EVT_00271,CUST_0023,2025-10-14 14:14:00,999,EUR,signup
EVT_00045,CUST_0118,2025-10-15 03:22:00,0,VND,cancel
EVT_00372,CUST_0034,2025-08-12 00:05:00,99,USD,signup
EVT_00584,CUST_0120,2025-03-09 20:36:00,299,USD,cancel
EVT_00942,CUST_0116,2025-08-08 05:22:00,29,USD,downgrade
EVT_00819,CUST_0053,2025-11-10 04:39:00,736600,VND,cancel
EVT_00197,CUST_0085,2025-03-17 08:15:00,29,EUR,downgrade
EVT_00899,CUST_0035,2025-09-26 17:15:00,29,USD,downgrade
EVT_01008,CUST_0087,2025-07-02 16:00:00,2514600,VND,signup
EVT_00238,CUST_0076,2025-02-12 23:21:00,29,USD,downgrade
EVT_00060,CUST_0056,2025-02-06 23:38:00,2514600,VND,upgrade
EVT_01227,CUST_0019,2025-07-23 10:05:00,999,USD,upgrade
EVT_00399,CUST_0094,2025-09-26 21:24:00,29,EUR,signup
EVT_00989,CUST_0101,2025-09-18 09:40:00,0,USD,upgrade
EVT_01470,CUST_0074,2025-06-25 09:56:00,299,USD,upgrade
EVT_00366,CUST_0110,2025-01-15 22:57:00,299,EUR,signup
EVT_01561,CUST_0050,2025-09-08 23:39:00,99,EUR,cancel
EVT_00308,CUST_0112,2025-05-02 11:08:00,736600,VND,signup
EVT_01453,CUST_0092,2025-12-28 05:57:00,299,EUR,downgrade
EVT_01273,CUST_0091,2025-08-29 23:45:00,7594600,VND,downgrade
EVT_00124,CUST_0084,2025-03-25 05:51:00,999,EUR,upgrade
EVT_00772,CUST_0026,2025-12-25 20:28:00,0,EUR,cancel
EVT_00255,CUST_0049,2025-07-25 06:52:00,299,EUR,signup
EVT_00306,CUST_0023,2025-04-23 05:16:00,299,EUR,upgrade
EVT_01023,CUST_0097,2025-07-11 22:23:00,29,EUR,cancel
EVT_00683,CUST_0046,2025-05-02 00:35:00,0,,signup
EVT_01117,CUST_0014,2025-12-03 12:40:00,29,USD,upgrade
EVT_01552,CUST_0011,2025-02-15 21:50:00,29,EUR,signup
EVT_01637,CUST_0068,2025-04-28 12:22:00,299,EUR,upgrade
EVT_01369,CUST_0061,2025-03-13 17:00:00,0,USD,signup
EVT_01475,CUST_0107,2025-09-18 08:44:00,999,EUR,upgrade
EVT_01180,CUST_0077,2025-06-07 18:47:00,29,USD,downgrade
EVT_01780,CUST_0003,2025-10-06 23:12:00,29,USD,downgrade
EVT_00298,CUST_0046,2025-09-28 01:42:00,29,USD,cancel
EVT_01014,CUST_0051,2025-06-03 02:24:00,29,EUR,downgrade
EVT_00367,CUST_0044,2025-03-06 04:50:00,99,USD,downgrade
EVT_01437,CUST_0079,2025-02-27 13:42:00,0,VND,downgrade
EVT_01548,CUST_0057,2025-12-25 16:18:00,999,EUR,signup
EVT_01760,CUST_0069,2025-09-02 00:25:00,99,USD,downgrade
EVT_00352,CUST_0053,2025-02-15 10:22:00,0,VND,cancel
EVT_00068,CUST_0023,2025-01-19 03:16:00,29,USD,upgrade
EVT_01081,CUST_0118,2025-02-08 16:21:00,99,USD,upgrade
EVT_01612,CUST_0112,2025-11-12 16:36:00,299,USD,cancel
EVT_00746,CUST_0038,2025-05-31 21:27:00,29,USD,downgrade
EVT_01269,CUST_0079,2025-09-30 16:18:00,99,USD,upgrade
EVT_01736,CUST_0024,2025-04-25 10:02:00,0,USD,signup
EVT_00395,CUST_0040,2025-01-19 02:19:00,29,USD,cancel
EVT_00734,CUST_0109,2025-04-08 16:09:00,0,VND,cancel
EVT_00814,CUST_0054,2025-12-03 18:13:00,29,USD,upgrade
EVT_01351,CUST_0091,2025-02-09 18:21:00,29,USD,signup
EVT_00304,CUST_0010,2025-04-06 05:05:00,29,EUR,upgrade
EVT_00594,CUST_0011,2025-05-14 01:29:00,0,USD,downgrade
EVT_01380,CUST_0073,2025-04-16 16:24:00,736600,VND,cancel
EVT_01425,CUST_0111,2025-05-23 23:17:00,299,USD,upgrade
EVT_01498,CUST_0110,2025-06-20 10:46:00,29,USD,downgrade
EVT_00317,CUST_0071,2025-01-16 16:37:00,29,USD,upgrade
EVT_01532,CUST_0096,2025-08-08 20:47:00,25374600,VND,cancel
EVT_00755,CUST_0023,2025-03-15 17:17:00,99,USD,signup
EVT_00644,CUST_0059,2025-07-10 03:40:00,299,USD,signup
EVT_00535,CUST_0013,2025-09-17 21:16:00,29,USD,signup
EVT_00756,CUST_0083,2025-06-08 08:27:00,0,EUR,upgrade
EVT_00262,CUST_0021,2025-10-26 15:05:00,999,EUR,upgrade
EVT_01085,CUST_0014,2025-06-21 09:23:00,999,USD,signup
EVT_00241,CUST_0058,2025-07-07 03:44:00,29,EUR,downgrade
EVT_00671,CUST_0092,2025-09-04 01:28:00,0,EUR,signup
EVT_00299,CUST_0110,2025-04-06 22:30:00,299,USD,signup
EVT_01111,CUST_0085,2025-08-18 05:03:00,99,USD,signup
EVT_00967,CUST_0077,2025-07-01 12:41:00,99,,downgrade
EVT_00847,CUST_0040,2025-09-22 08:18:00,29,USD,signup
EVT_00433,CUST_0021,2025-10-05 07:22:00,0,EUR,signup
EVT_00072,CUST_0012,2025-10-08 11:39:00,99,USD,signup
EVT_00382,CUST_0106,2025-09-25 12:52:00,29,USD,cancel
EVT_00260,CUST_0048,2025-05-15 22:52:00,7594600,VND,upgrade
EVT_00052,CUST_0010,2025-10-15 22:25:00,29,EUR,downgrade
EVT_00375,CUST_0083,2025-11-14 03:03:00,2514600,VND,upgrade
EVT_00340,CUST_0070,2025-01-17 05:56:00,736600,VND,upgrade
EVT_00533,CUST_0043,2025-04-01 18:15:00,29,USD,upgrade
EVT_01222,CUST_0009,2025-08-14 14:42:00,99,USD,downgrade
EVT_01315,CUST_0046,2025-08-23 23:22:00,29,EUR,signup
EVT_01064,CUST_0028,2025-02-02 20:06:00,99,USD,downgrade
EVT_01738,CUST_0081,2025-02-10 14:00:00,0,USD,cancel
EVT_01743,CUST_0118,2025-12-22 00:16:00,999,USD,signup
EVT_01056,CUST_0029,2025-10-25 20:18:00,2514600,VND,cancel
EVT_01231,CUST_0088,2025-04-21 11:18:00,0,USD,signup
EVT_00939,CUST_0037,2025-01-23 20:07:00,999,EUR,signup
EVT_01492,CUST_0011,2025-10-27 08:36:00,99,USD,signup
EVT_00426,CUST_0017,2025-12-12 14:43:00,99,EUR,upgrade
EVT_00463,CUST_0088,2025-07-15 19:30:00,29,USD,downgrade
EVT_00495,CUST_0103,2025-11-10 18:27:00,99,EUR,downgrade
EVT_00844,CUST_0010,2025-08-23 13:51:00,0,VND,upgrade
EVT_01540,CUST_0029,2025-08-13 16:04:00,29,USD,downgrade
EVT_00527,CUST_0061,2025-06-07 16:29:00,29,USD,upgrade
EVT_00142,CUST_0090,2025-02-03 23:34:00,29,USD,signup
EVT_01477,CUST_0082,2025-03-01 01:36:00,29,USD,signup
EVT_00618,CUST_0015,2025-02-08 20:03:00,29,USD,signup
EVT_01682,CUST_0114,2025-04-15 00:22:00,299,EUR,upgrade
EVT_00858,CUST_0096,2025-08-13 20:32:00,0,USD,signup
EVT_00434,CUST_0018,2025-11-08 16:56:00,29,EUR,downgrade
EVT_00999,CUST_0088,2025-02-06 15:29:00,29,EUR,signup
EVT_00272,CUST_0015,2025-08-30 03:34:00,99,USD,downgrade
EVT_00185,CUST_0114,2025-08-29 18:21:00,99,,signup
EVT_00773,CUST_0061,2025-08-31 06:37:00,29,USD,signup
EVT_00245,CUST_0085,2025-04-10 13:29:00,29,USD,downgrade
EVT_01464,CUST_0044,2025-12-22 02:35:00,29,USD,downgrade
EVT_01069,CUST_0088,2025-06-20 11:22:00,2514600,VND,signup
EVT_01461,CUST_0054,2025-07-12 22:30:00,0,VND,cancel
EVT_01400,CUST_0108,2025-02-23 18:57:00,29,USD,downgrade
EVT_01488,CUST_0077,2025-11-18 15:36:00,99,USD,signup
EVT_01482,CUST_0049,2025-01-06 20:21:00,29,EUR,upgrade
EVT_00908,CUST_0038,2025-12-05 13:53:00,99,USD,cancel
EVT_00603,CUST_0041,2025-03-27 22:50:00,299,EUR,upgrade
EVT_01767,CUST_0007,2025-09-29 11:30:00,29,USD,upgrade
EVT_01309,CUST_0107,2025-11-26 18:29:00,99,USD,upgrade
EVT_00251,CUST_0078,2025-01-03 15:19:00,2514600,VND,upgrade
EVT_00498,CUST_0087,2025-10-17 06:22:00,29,USD,upgrade
EVT_01178,CUST_0011,2025-09-18 00:18:00,99,EUR,downgrade
EVT_01291,CUST_0112,2025-10-01 16:02:00,29,USD,downgrade
EVT_01377,CUST_0033,2025-05-30 21:13:00,0,EUR,cancel
EVT_00355,CUST_0059,2025-06-25 21:47:00,0,EUR,signup
EVT_01054,CUST_0024,2025-07-05 00:21:00,999,EUR,downgrade
EVT_00619,CUST_0107,2025-12-20 10:47:00,29,USD,cancel
EVT_00629,CUST_0064,2025-11-14 01:28:00,29,USD,upgrade
EVT_01027,CUST_0116,2025-02-05 09:07:00,99,EUR,signup
EVT_01304,CUST_0009,2025-08-30 03:28:00,29,USD,upgrade
EVT_00416,CUST_0091,2025-06-19 16:48:00,0,USD,downgrade
EVT_00998,CUST_0111,2025-06-26 03:47:00,29,USD,downgrade
EVT_00171,CUST_0070,2025-08-20 11:51:00,0,EUR,upgrade
EVT_01567,CUST_0017,2025-03-18 06:51:00,99,USD,downgrade
EVT_00414,CUST_0056,2025-09-08 14:41:00,29,EUR,upgrade
EVT_01422,CUST_0055,2025-09-10 06:05:00,0,EUR,signup
EVT_00301,CUST_0051,2025-04-23 15:55:00,736600,VND,downgrade
EVT_01782,CUST_0026,2025-05-07 16:28:00,736600,VND,signup
EVT_00412,CUST_0053,2025-02-14 22:07:00,29,USD,signup
EVT_00766,CUST_0076,2025-08-02 21:23:00,99,EUR,downgrade
EVT_01466,CUST_0113,2025-12-07 09:19:00,99,USD,upgrade
EVT_01735,CUST_0013,2025-01-29 21:18:00,0,USD,upgrade
EVT_01270,CUST_0040,2025-02-12 18:58:00,736600,VND,cancel
EVT_01275,CUST_0037,2025-12-21 03:20:00,2514600,VND,signup
EVT_00833,CUST_0006,2025-01-23 18:08:00,99,USD,cancel
EVT_00837,CUST_0091,2025-06-19 17:18:00,29,EUR,signup
EVT_01104,CUST_0029,2025-05-28 07:36:00,0,USD,signup
EVT_00860,CUST_0054,2025-04-23 18:22:00,29,EUR,downgrade
EVT_00568,CUST_0010,2025-11-13 09:33:00,29,EUR,signup
EVT_00176,CUST_0060,2025-08-17 03:41:00,299,USD,upgrade
EVT_01462,CUST_0050,2025-04-12 16:41:00,29,USD,cancel
EVT_00678,CUST_0072,2025-07-17 00:59:00,99,USD,upgrade
EVT_01395,CUST_0104,2025-10-26 21:37:00,299,USD,cancel
EVT_00335,CUST_0104,2025-06-15 15:40:00,99,EUR,downgrade
EVT_00760,CUST_0042,2025-01-02 07:43:00,99,USD,upgrade
EVT_00638,CUST_0083,2025-02-01 00:45:00,0,VND,downgrade
EVT_00894,CUST_0038,2025-11-20 08:29:00,736600,VND,cancel
EVT_01206,CUST_0081,2025-09-25 10:18:00,29,EUR,downgrade
EVT_00199,CUST_0101,2025-02-28 03:48:00,29,EUR,upgrade
EVT_00016,CUST_0078,2025-08-27 11:58:00,0,USD,downgrade
EVT_00266,CUST_0104,2025-02-11 16:39:00,0,USD,downgrade
EVT_00558,CUST_0001,2025-03-20 05:55:00,29,USD,upgrade
EVT_01034,CUST_0038,2025-10-11 02:09:00,2514600,VND,signup
EVT_00817,CUST_0001,2025-05-24 00:07:00,0,USD,signup
EVT_01508,CUST_0068,2025-04-22 19:30:00,99,EUR,upgrade
EVT_00742,CUST_0116,2025-10-31 18:29:00,29,USD,upgrade
EVT_01393,CUST_0072,2025-04-14 20:13:00,299,EUR,signup
EVT_00479,CUST_0062,2025-05-09 14:43:00,736600,VND,upgrade
EVT_01006,CUST_0054,2025-11-05 20:56:00,299,EUR,upgrade
EVT_00417,CUST_0090,2025-06-29 13:19:00,736600,VND,cancel
EVT_00200,CUST_0083,2025-12-21 13:17:00,25374600,VND,upgrade
EVT_00728,CUST_0079,2025-03-28 07:41:00,29,USD,signup
EVT_00994,CUST_0054,2025-11-27 03:34:00,0,EUR,upgrade
EVT_01723,CUST_0004,2025-10-22 19:36:00,29,USD,signup
EVT_01152,CUST_0014,2025-09-02 07:55:00,99,USD,signup
EVT_01493,CUST_0071,2025-11-21 16:06:00,99,USD,cancel
EVT_01450,CUST_0042,2025-10-20 18:36:00,29,USD,downgrade
EVT_01173,CUST_0032,2025-05-28 10:05:00,99,EUR,downgrade
EVT_01118,CUST_0050,2025-09-08 13:05:00,2514600,VND,cancel
EVT_01569,CUST_0063,2025-10-18 08:14:00,99,EUR,upgrade
EVT_00600,CUST_0038,2025-11-29 20:13:00,0,USD,upgrade
EVT_01386,CUST_0087,2025-04-17 03:04:00,29,EUR,upgrade
EVT_00931,CUST_0038,2025-06-24 06:41:00,29,USD,downgrade
EVT_00311,CUST_0010,2025-08-01 04:28:00,99,USD,cancel
EVT_00057,CUST_0036,2025-11-21 07:02:00,736600,VND,signup
EVT_00549,CUST_0033,2025-03-23 14:25:00,29,EUR,cancel
EVT_00423,CUST_0036,2025-02-11 01:15:00,0,VND,upgrade
EVT_00597,CUST_0087,2025-11-17 15:30:00,0,VND,cancel
EVT_00044,CUST_0041,2025-10-18 04:07:00,299,USD,upgrade
EVT_00101,CUST_0020,2025-05-13 00:25:00,7594600,VND,signup
EVT_00275,CUST_0100,2025-03-06 19:02:00,29,USD,upgrade
EVT_01259,CUST_0047,2025-03-15 22:50:00,29,EUR,upgrade
EVT_00354,CUST_0035,2025-11-04 14:03:00,0,USD,cancel
EVT_00102,CUST_0003,2025-01-07 09:02:00,7594600,VND,downgrade
EVT_00975,CUST_0119,2025-06-25 13:20:00,29,USD,signup
EVT_00108,CUST_0104,2025-01-30 02:31:00,99,USD,signup
EVT_01731,CUST_0058,2025-06-03 01:52:00,29,EUR,downgrade
EVT_01781,CUST_0052,2025-12-04 03:53:00,99,USD,downgrade
EVT_00839,CUST_0041,2025-06-27 09:06:00,99,USD,upgrade
EVT_01245,CUST_0106,2025-06-28 03:32:00,99,USD,cancel
EVT_00694,CUST_0047,2025-01-26 00:27:00,99,USD,signup
EVT_00586,CUST_0117,2025-01-23 17:28:00,0,EUR,upgrade
EVT_01629,CUST_0070,2025-06-28 01:50:00,29,USD,upgrade
EVT_00979,CUST_0078,2025-05-10 15:53:00,29,USD,signup
EVT_01170,CUST_0079,2025-01-18 07:54:00,29,EUR,signup
EVT_00129,CUST_0096,2025-05-03 12:46:00,29,USD,downgrade
EVT_01271,CUST_0022,2025-06-10 20:26:00,99,EUR,downgrade
EVT_00454,CUST_0078,2025-12-05 11:07:00,29,USD,downgrade
EVT_00428,CUST_0052,2025-12-24 03:46:00,7594600,VND,signup
EVT_01684,CUST_0048,2025-03-11 18:01:00,29,USD,cancel
EVT_01059,CUST_0099,2025-12-10 18:44:00,736600,VND,upgrade
EVT_00866,CUST_0059,2025-02-11 19:12:00,29,EUR,downgrade
EVT_01387,CUST_0067,2025-12-06 20:04:00,29,EUR,downgrade
EVT_00941,CUST_0069,2025-04-28 06:43:00,29,USD,upgrade
EVT_01232,CUST_0108,2025-10-09 00:23:00,29,EUR,upgrade
EVT_01121,CUST_0064,2025-01-11 17:52:00,0,EUR,signup
EVT_00610,CUST_0062,2025-06-03 17:54:00,99,EUR,signup
EVT_01404,CUST_0056,2025-08-13 23:57:00,0,EUR,upgrade
EVT_01382,CUST_0093,2025-10-09 19:37:00,99,USD,upgrade
EVT_01058,CUST_0089,2025-11-07 20:17:00,0,USD,upgrade
EVT_00708,CUST_0017,2025-09-11 20:14:00,99,USD,cancel
EVT_00917,CUST_0095,2025-01-30 09:36:00,0,EUR,upgrade
EVT_00995,CUST_0051,2025-01-12 03:01:00,29,EUR,signup
EVT_00406,CUST_0105,2025-01-17 22:04:00,736600,VND,upgrade
EVT_01392,CUST_0075,2025-11-26 05:31:00,29,USD,downgrade
EVT_01491,CUST_0009,2025-06-08 21:37:00,99,USD,upgrade
EVT_01795,CUST_0091,2025-02-11 04:14:00,299,USD,downgrade
EVT_00576,CUST_0063,2025-04-20 06:30:00,99,USD,downgrade
EVT_00480,CUST_0101,2025-06-12 20:29:00,0,USD,cancel
EVT_00465,CUST_0115,2025-12-22 22:26:00,299,USD,cancel
EVT_00227,CUST_0055,2025-07-25 22:51:00,99,USD,cancel
EVT_00232,CUST_0087,2025-07-01 14:39:00,99,USD,downgrade
EVT_00744,CUST_0011,2025-09-18 00:15:00,2514600,VND,downgrade
EVT_01572,CUST_0120,2025-09-22 17:22:00,29,USD,upgrade
EVT_00585,CUST_0102,2025-06-20 04:24:00,0,USD,cancel
EVT_00164,CUST_0104,2025-06-13 22:14:00,29,USD,signup
EVT_00680,CUST_0011,2025-12-07 17:36:00,29,EUR,signup
EVT_00800,CUST_0080,2025-10-10 07:16:00,2514600,VND,upgrade
EVT_00267,CUST_0016,2025-10-27 12:29:00,29,USD,signup
EVT_00149,CUST_0011,2025-08-12 08:54:00,999,USD,signup
EVT_01378,CUST_0100,2025-09-05 23:07:00,29,USD,upgrade
EVT_00985,CUST_0091,2025-01-13 21:48:00,99,USD,upgrade
EVT_00589,CUST_0035,2025-07-28 06:48:00,0,VND,downgrade
EVT_01582,CUST_0092,2025-12-15 14:45:00,29,USD,signup
EVT_01419,CUST_0059,2025-08-08 09:49:00,99,USD,cancel
EVT_00307,CUST_0094,2025-04-22 00:17:00,0,EUR,upgrade
EVT_00193,CUST_0093,2025-08-29 14:01:00,99,USD,upgrade
EVT_00953,CUST_0071,2025-07-19 11:00:00,299,USD,downgrade
EVT_00310,CUST_0092,2025-12-28 05:33:00,0,EUR,upgrade
EVT_01799,CUST_0071,2025-04-06 06:43:00,29,USD,upgrade
EVT_00064,CUST_0033,2025-03-02 12:58:00,0,USD,upgrade
EVT_01649,CUST_0028,2025-12-22 03:55:00,7594600,VND,signup
EVT_01791,CUST_0088,2025-02-04 12:26:00,2514600,VND,upgrade
EVT_01365,CUST_0038,2025-03-30 10:05:00,29,USD,cancel
EVT_00487,CUST_0041,2025-02-23 23:09:00,99,USD,signup
EVT_00753,CUST_0027,2025-07-30 01:14:00,299,,downgrade
EVT_01019,CUST_0064,2025-11-28 12:24:00,29,EUR,upgrade
EVT_01138,CUST_0095,2025-10-05 01:49:00,0,EUR,upgrade
EVT_01344,CUST_0083,2025-03-08 07:39:00,99,USD,cancel
EVT_01211,CUST_0018,2025-02-19 04:04:00,999,USD,upgrade
EVT_01517,CUST_0021,2025-02-21 21:51:00,0,EUR,upgrade
EVT_01313,CUST_0005,2025-10-05 07:15:00,99,USD,upgrade
EVT_01053,CUST_0069,2025-08-29 15:34:00,2514600,VND,upgrade
EVT_01588,CUST_0078,2025-09-04 06:41:00,99,USD,upgrade
EVT_00809,CUST_0051,2025-05-20 22:30:00,29,EUR,downgrade
EVT_00219,CUST_0096,2025-03-10 23:00:00,0,USD,cancel
EVT_01658,CUST_0108,2025-12-12 14:11:00,736600,VND,upgrade
EVT_00287,CUST_0082,2025-05-14 07:28:00,0,VND,cancel
EVT_01362,CUST_0037,2025-04-29 18:25:00,29,USD,signup
EVT_01447,CUST_0056,2025-07-15 18:30:00,299,EUR,downgrade
EVT_01289,CUST_0015,2025-09-19 10:39:00,299,EUR,cancel
EVT_01537,CUST_0053,2025-06-02 08:08:00,0,EUR,upgrade
EVT_00362,CUST_0047,2025-11-02 15:00:00,29,USD,upgrade
EVT_01336,CUST_0101,2025-02-18 04:51:00,99,USD,cancel
EVT_00577,CUST_0092,2025-01-06 03:54:00,736600,VND,upgrade
EVT_01314,CUST_0015,2025-05-13 14:10:00,0,VND,upgrade
EVT_01186,CUST_0067,2025-07-06 11:17:00,29,USD,downgrade
EVT_00486,CUST_0019,2025-07-19 19:45:00,0,USD,upgrade
EVT_01478,CUST_0059,2025-04-22 21:38:00,29,USD,downgrade
EVT_00553,CUST_0092,2025-12-11 08:18:00,2514600,,signup
EVT_01433,CUST_0009,2025-07-28 01:01:00,99,EUR,cancel
EVT_00875,CUST_0112,2025-07-29 20:52:00,99,EUR,cancel
EVT_00905,CUST_0021,2025-08-18 14:35:00,99,USD,cancel
EVT_01114,CUST_0100,2025-03-30 15:38:00,29,USD,upgrade
EVT_00842,CUST_0104,2025-07-05 23:01:00,736600,VND,upgrade
EVT_01640,CUST_0097,2025-07-08 11:37:00,99,USD,upgrade
EVT_01290,CUST_0115,2025-02-03 14:06:00,29,USD,upgrade
EVT_00888,CUST_0034,2025-06-01 06:50:00,29,USD,cancel
EVT_00880,CUST_0087,2025-08-18 03:04:00,29,USD,cancel
EVT_01727,CUST_0042,2025-07-22 21:56:00,99,USD,upgrade
EVT_00901,CUST_0020,2025-05-21 18:39:00,99,USD,signup
EVT_00293,CUST_0020,2025-06-27 04:25:00,2514600,VND,cancel
EVT_00632,CUST_0048,2025-01-26 11:20:00,29,USD,signup
EVT_01129,CUST_0052,2025-09-03 06:30:00,29,EUR,downgrade
EVT_01432,CUST_0026,2025-12-20 07:02:00,29,USD,signup
EVT_01132,CUST_0113,2025-04-04 00:48:00,0,USD,downgrade
EVT_01279,CUST_0004,2025-01-14 10:01:00,99,USD,cancel
EVT_01086,CUST_0052,2025-10-18 09:48:00,0,USD,signup
EVT_00494,CUST_0020,2025-05-11 22:03:00,299,USD,signup
EVT_01189,CUST_0035,2025-05-06 21:13:00,29,USD,downgrade
EVT_00278,CUST_0105,2025-11-29 01:09:00,99,EUR,upgrade
EVT_01662,CUST_0064,2025-10-27 08:37:00,29,USD,cancel
EVT_00359,CUST_0014,2025-12-23 16:57:00,0,VND,upgrade
EVT_00987,CUST_0024,2025-07-23 13:21:00,0,USD,upgrade
EVT_00237,CUST_0020,2025-02-04 13:12:00,99,USD,cancel
EVT_01681,CUST_0086,2025-10-30 13:34:00,736600,VND,signup
EVT_00209,CUST_0105,2025-01-27 18:19:00,736600,VND,upgrade
EVT_01281,CUST_0105,2025-11-11 14:28:00,736600,VND,signup
EVT_01406,CUST_0086,2025-10-28 05:36:00,299,USD,signup
EVT_00059,CUST_0032,2025-10-17 20:05:00,299,USD,downgrade
EVT_01430,CUST_0083,2025-04-30 21:33:00,0,EUR,signup
EVT_01423,CUST_0051,2025-05-04 18:25:00,99,EUR,cancel
EVT_00364,CUST_0047,2025-03-10 21:42:00,29,USD,upgrade
EVT_00907,CUST_0010,2025-07-16 14:20:00,0,,downgrade
EVT_00723,CUST_0019,2025-05-09 22:22:00,29,,signup
EVT_01010,CUST_0057,2025-02-11 06:57:00,99,USD,downgrade
EVT_01633,CUST_0021,2025-02-13 11:01:00,0,USD,cancel
EVT_01102,CUST_0048,2025-08-05 06:48:00,999,USD,upgrade
EVT_00693,CUST_0029,2025-04-21 12:27:00,0,VND,downgrade
EVT_00906,CUST_0039,2025-10-31 03:50:00,736600,VND,signup
EVT_01570,CUST_0053,2025-04-15 07:46:00,99,USD,cancel
EVT_00119,CUST_0014,2025-07-30 08:10:00,29,EUR,signup
EVT_01796,CUST_0054,2025-08-11 09:41:00,29,,upgrade
EVT_00630,CUST_0055,2025-06-06 17:28:00,29,USD,upgrade
EVT_00523,CUST_0086,2025-09-14 14:35:00,0,VND,upgrade
EVT_00514,CUST_0027,2025-09-04 04:55:00,99,USD,upgrade
EVT_00082,CUST_0037,2025-12-29 14:30:00,299,USD,upgrade
EVT_00705,CUST_0113,2025-12-11 10:43:00,25374600,VND,upgrade
EVT_00381,CUST_0043,2025-01-20 02:58:00,29,USD,signup
EVT_01525,CUST_0102,2025-08-30 02:19:00,999,USD,cancel
EVT_00085,CUST_0034,2025-09-02 13:06:00,0,USD,upgrade
EVT_01515,CUST_0020,2025-02-25 03:12:00,299,EUR,downgrade
EVT_01666,CUST_0113,2025-05-28 20:18:00,99,EUR,upgrade
EVT_00915,CUST_0056,2025-02-01 00:12:00,29,USD,signup
EVT_00614,CUST_0097,2025-03-03 08:00:00,99,EUR,upgrade
EVT_00983,CUST_0115,2025-05-22 07:13:00,29,USD,downgrade
EVT_00757,CUST_0049,2025-07-09 13:54:00,299,USD,signup
EVT_00721,CUST_0005,2025-09-24 11:52:00,29,USD,upgrade
EVT_00452,CUST_0101,2025-04-03 10:54:00,2514600,,cancel
EVT_00491,CUST_0006,2025-05-12 21:09:00,999,USD,upgrade
EVT_01779,CUST_0099,2025-07-05 09:40:00,99,USD,cancel
EVT_00288,CUST_0009,2025-06-09 15:06:00,29,EUR,cancel
EVT_01158,CUST_0007,2025-11-20 23:41:00,0,VND,upgrade
EVT_01786,CUST_0094,2025-09-05 10:16:00,0,USD,upgrade
EVT_01230,CUST_0088,2025-07-31 01:05:00,29,USD,downgrade
EVT_01084,CUST_0112,2025-09-29 07:14:00,99,,cancel
EVT_01499,CUST_0048,2025-08-07 01:03:00,99,USD,upgrade
EVT_01334,CUST_0066,2025-12-18 17:55:00,29,USD,downgrade
EVT_01000,CUST_0113,2025-10-30 00:24:00,29,USD,downgrade
EVT_01201,CUST_0110,2025-01-30 16:09:00,25374600,VND,upgrade
EVT_01490,CUST_0015,2025-12-24 18:56:00,736600,VND,downgrade
EVT_00328,CUST_0054,2025-05-02 12:32:00,0,USD,signup
EVT_01310,CUST_0028,2025-03-01 18:42:00,299,USD,upgrade
EVT_01113,CUST_0006,2025-02-09 09:46:00,0,VND,upgrade
EVT_00937,CUST_0095,2025-12-12 23:40:00,29,USD,downgrade
EVT_01408,CUST_0103,2025-09-13 02:39:00,99,USD,signup
EVT_00758,CUST_0090,2025-09-09 19:56:00,99,EUR,signup
EVT_00178,CUST_0009,2025-09-23 13:38:00,29,EUR,cancel
EVT_00608,CUST_0092,2025-05-04 20:25:00,736600,VND,upgrade
EVT_00775,CUST_0111,2025-06-23 08:09:00,99,USD,signup
EVT_00087,CUST_0080,2025-08-22 11:29:00,29,USD,cancel
EVT_01266,CUST_0085,2025-01-19 13:53:00,25374600,VND,cancel
EVT_01758,CUST_0070,2025-12-15 00:19:00,99,EUR,downgrade
EVT_00458,CUST_0114,2025-02-23 07:28:00,99,USD,cancel
EVT_00055,CUST_0084,2025-02-18 03:53:00,29,EUR,downgrade
EVT_01353,CUST_0092,2025-03-23 16:09:00,299,USD,upgrade
EVT_00222,CUST_0071,2025-12-22 02:19:00,999,EUR,downgrade
EVT_00114,CUST_0034,2025-04-14 23:40:00,736600,VND,signup
EVT_01654,CUST_0115,2025-10-24 04:26:00,99,EUR,upgrade
EVT_01112,CUST_0118,2025-04-12 19:33:00,999,USD,signup
EVT_00820,CUST_0120,2025-05-09 04:32:00,299,USD,downgrade
EVT_00175,CUST_0071,2025-10-08 09:58:00,736600,VND,signup
EVT_01646,CUST_0024,2025-04-13 04:31:00,0,USD,downgrade
EVT_01405,CUST_0090,2025-03-22 15:54:00,99,USD,upgrade
EVT_00019,CUST_0008,2025-11-04 01:57:00,29,EUR,upgrade
EVT_00424,CUST_0088,2025-04-23 02:48:00,99,,signup
EVT_01207,CUST_0113,2025-03-29 20:59:00,29,EUR,signup
EVT_00286,CUST_0022,2025-08-16 10:58:00,0,VND,signup
EVT_01429,CUST_0070,2025-10-10 14:10:00,29,EUR,downgrade
EVT_00429,CUST_0097,2025-06-27 19:46:00,99,USD,upgrade
EVT_01361,CUST_0036,2025-07-08 13:38:00,29,USD,upgrade
EVT_01246,CUST_0115,2025-08-18 14:49:00,0,EUR,cancel
EVT_00032,CUST_0018,2025-07-27 13:14:00,736600,VND,signup
EVT_01011,CUST_0095,2025-06-25 02:09:00,99,EUR,upgrade
EVT_01775,CUST_0003,2025-06-05 10:44:00,299,USD,upgrade
EVT_00215,CUST_0031,2025-04-13 18:32:00,736600,VND,upgrade
EVT_00670,CUST_0067,2025-04-16 11:24:00,29,EUR,upgrade
EVT_00327,CUST_0081,2025-03-07 19:57:00,736600,VND,signup
EVT_00561,CUST_0046,2025-12-05 10:10:00,7594600,VND,downgrade
EVT_01050,CUST_0110,2025-10-11 21:25:00,99,EUR,signup
EVT_01236,CUST_0119,2025-02-03 04:23:00,7594600,VND,upgrade
EVT_01352,CUST_0112,2025-03-27 10:11:00,99,USD,cancel
EVT_00342,CUST_0092,2025-04-12 20:52:00,29,EUR,downgrade
EVT_00148,CUST_0064,2025-06-06 21:53:00,0,USD,upgrade
EVT_00361,CUST_0110,2025-03-08 15:31:00,2514600,VND,upgrade
EVT_00084,CUST_0085,2025-01-08 17:24:00,0,VND,upgrade
EVT_00049,CUST_0037,2025-07-26 07:24:00,99,USD,downgrade
EVT_00469,CUST_0118,2025-11-20 18:25:00,29,USD,upgrade
EVT_00156,CUST_0063,2025-09-29 22:13:00,299,USD,signup
EVT_01676,CUST_0097,2025-02-06 03:05:00,0,EUR,upgrade
EVT_01317,CUST_0007,2025-08-02 02:35:00,29,USD,upgrade
EVT_01092,CUST_0047,2025-02-20 00:41:00,99,USD,upgrade
EVT_01471,CUST_0041,2025-10-10 06:15:00,0,USD,downgrade
EVT_00501,CUST_0012,2025-09-01 03:42:00,736600,VND,upgrade
EVT_00180,CUST_0093,2025-01-26 07:52:00,2514600,VND,signup
EVT_01481,CUST_0049,2025-06-12 08:14:00,29,USD,upgrade
EVT_01600,CUST_0004,2025-08-12 18:46:00,736600,VND,downgrade
EVT_00808,CUST_0006,2025-08-28 05:24:00,0,EUR,downgrade
EVT_00529,CUST_0008,2025-01-03 01:50:00,25374600,VND,upgrade
EVT_00347,CUST_0057,2025-07-13 16:30:00,299,USD,upgrade
EVT_01248,CUST_0092,2025-07-26 12:49:00,0,USD,upgrade
EVT_01761,CUST_0106,2025-11-02 11:18:00,29,USD,downgrade
EVT_01282,CUST_0073,2025-06-27 07:22:00,29,USD,upgrade
EVT_00922,CUST_0023,2025-09-04 15:53:00,99,USD,downgrade
EVT_01384,CUST_0024,2025-01-09 13:27:00,99,EUR,upgrade
EVT_00602,CUST_0040,2025-06-05 05:54:00,0,USD,upgrade
EVT_00890,CUST_0016,2025-03-15 11:18:00,99,EUR,signup
EVT_00244,CUST_0067,2025-08-04 04:30:00,99,USD,downgrade
EVT_00737,CUST_0080,2025-10-16 04:11:00,736600,VND,signup
EVT_01329,CUST_0006,2025-07-08 04:17:00,299,USD,cancel
EVT_00313,CUST_0002,2025-08-20 03:04:00,736600,VND,signup
EVT_00436,CUST_0086,2025-01-23 15:34:00,29,USD,upgrade
EVT_01705,CUST_0119,2025-10-22 03:40:00,99,USD,signup
EVT_01288,CUST_0015,2025-02-09 22:07:00,0,USD,upgrade
EVT_00309,CUST_0096,2025-04-02 19:51:00,29,EUR,signup
EVT_00431,CUST_0099,2025-12-30 22:25:00,0,USD,signup
EVT_00371,CUST_0075,2025-10-26 16:40:00,0,USD,signup
EVT_00567,CUST_0097,2025-07-10 21:15:00,29,EUR,cancel
EVT_01749,CUST_0033,2025-05-24 08:46:00,29,USD,upgrade
EVT_00182,CUST_0065,2025-12-20 13:08:00,99,USD,downgrade
EVT_01730,CUST_0015,2025-11-04 16:21:00,299,USD,upgrade
EVT_00622,CUST_0102,2025-04-10 16:38:00,99,EUR,cancel
EVT_00675,CUST_0100,2025-11-30 08:37:00,299,USD,downgrade
EVT_01126,CUST_0007,2025-12-08 07:32:00,29,EUR,upgrade
EVT_00782,CUST_0081,2025-01-12 11:06:00,0,,cancel
EVT_01656,CUST_0069,2025-01-21 20:50:00,299,USD,upgrade
EVT_00297,CUST_0036,2025-12-28 01:48:00,0,EUR,signup
EVT_00745,CUST_0074,2025-06-13 21:30:00,29,EUR,downgrade
EVT_00462,CUST_0104,2025-10-09 05:15:00,0,EUR,downgrade
EVT_01174,CUST_0037,2025-10-26 19:11:00,29,EUR,signup
EVT_00977,CUST_0061,2025-04-17 04:41:00,99,EUR,cancel
EVT_00378,CUST_0065,2025-12-25 04:34:00,736600,VND,downgrade
EVT_01284,CUST_0008,2025-12-25 20:32:00,299,USD,upgrade
EVT_00106,CUST_0038,2025-12-15 08:19:00,99,USD,upgrade
EVT_00127,CUST_0098,2025-12-28 05:41:00,29,USD,signup
EVT_01024,CUST_0094,2025-01-18 19:02:00,0,VND,upgrade
EVT_00793,CUST_0056,2025-10-30 22:54:00,29,EUR,signup
EVT_00356,CUST_0005,2025-03-14 12:14:00,29,EUR,downgrade
EVT_01459,CUST_0070,2025-03-21 10:04:00,736600,VND,downgrade
EVT_01210,CUST_0004,2025-08-08 07:08:00,0,EUR,downgrade
EVT_00932,CUST_0033,2025-09-12 10:17:00,29,USD,cancel
EVT_00210,CUST_0069,2025-02-26 01:54:00,99,USD,upgrade
EVT_00731,CUST_0036,2025-10-27 11:20:00,2514600,VND,downgrade
EVT_00141,CUST_0017,2025-01-28 17:00:00,29,EUR,downgrade
EVT_01293,CUST_0072,2025-08-07 07:59:00,99,USD,signup
EVT_01203,CUST_0061,2025-08-26 00:01:00,29,EUR,upgrade
EVT_00911,CUST_0100,2025-08-03 09:07:00,29,USD,signup
EVT_01420,CUST_0087,2025-11-01 14:01:00,29,USD,upgrade
EVT_01558,CUST_0081,2025-03-07 19:22:00,99,EUR,upgrade
EVT_00862,CUST_0027,2025-09-27 02:20:00,29,USD,upgrade
EVT_01143,CUST_0112,2025-04-22 14:23:00,736600,VND,downgrade
EVT_00712,CUST_0095,2025-04-20 22:35:00,99,USD,downgrade
EVT_00707,CUST_0034,2025-01-18 05:10:00,29,USD,signup
EVT_00011,CUST_0070,2025-10-19 01:07:00,99,USD,downgrade
EVT_01603,CUST_0076,2025-11-08 18:31:00,29,USD,upgrade
EVT_01326,CUST_0118,2025-09-30 17:40:00,99,USD,downgrade
EVT_00283,CUST_0053,2025-11-19 07:11:00,736600,VND,upgrade
EVT_00292,CUST_0090,2025-03-19 17:59:00,0,EUR,downgrade
EVT_00627,CUST_0088,2025-03-20 01:45:00,299,USD,downgrade
EVT_01223,CUST_0110,2025-07-04 02:15:00,7594600,VND,upgrade
EVT_01076,CUST_0030,2025-08-11 12:06:00,29,USD,signup
EVT_00130,CUST_0005,2025-10-18 11:49:00,2514600,VND,upgrade
EVT_01194,CUST_0108,2025-01-31 14:00:00,29,EUR,upgrade
EVT_00324,CUST_0038,2025-02-25 20:33:00,736600,VND,downgrade
EVT_00951,CUST_0068,2025-04-02 10:54:00,99,USD,downgrade
EVT_00695,CUST_0053,2025-01-06 12:24:00,0,USD,downgrade
EVT_01504,CUST_0019,2025-12-23 22:57:00,7594600,VND,signup
EVT_01678,CUST_0064,2025-02-10 02:46:00,29,USD,downgrade
EVT_00713,CUST_0081,2025-03-26 21:28:00,736600,VND,downgrade
EVT_01695,CUST_0041,2025-01-15 02:07:00,736600,VND,signup
EVT_00988,CUST_0036,2025-11-12 10:45:00,0,USD,upgrade
EVT_01458,CUST_0004,2025-03-14 15:45:00,0,USD,upgrade
EVT_01476,CUST_0066,2025-05-04 01:55:00,29,EUR,downgrade
EVT_00159,CUST_0092,2025-01-07 10:10:00,29,EUR,signup
EVT_00810,CUST_0017,2025-10-31 06:59:00,99,EUR,cancel
EVT_00635,CUST_0112,2025-08-02 05:34:00,29,USD,signup
EVT_00517,CUST_0099,2025-07-05 08:12:00,29,EUR,upgrade
EVT_01285,CUST_0016,2025-06-18 06:09:00,29,USD,upgrade
EVT_00598,CUST_0120,2025-05-24 12:24:00,0,USD,downgrade
EVT_00196,CUST_0054,2025-05-17 19:55:00,999,USD,upgrade
EVT_01787,CUST_0008,2025-08-18 01:55:00,99,USD,upgrade
EVT_01685,CUST_0098,2025-05-07 19:34:00,29,EUR,upgrade
EVT_00411,CUST_0001,2025-04-13 04:58:00,299,EUR,signup
EVT_00097,CUST_0113,2025-02-17 11:48:00,25374600,VND,signup
EVT_00821,CUST_0034,2025-06-24 11:57:00,299,USD,signup
EVT_00779,CUST_0025,2025-08-29 22:46:00,29,USD,signup
EVT_00157,CUST_0118,2025-02-26 07:53:00,29,USD,downgrade
EVT_00420,CUST_0102,2025-01-19 18:24:00,29,USD,upgrade
EVT_01679,CUST_0011,2025-05-06 12:23:00,29,USD,cancel
EVT_00478,CUST_0089,2025-06-08 03:51:00,0,,cancel
EVT_01763,CUST_0118,2025-06-08 03:52:00,29,USD,signup
EVT_00669,CUST_0072,2025-09-02 13:30:00,99,EUR,signup
EVT_00874,CUST_0067,2025-08-17 15:00:00,0,USD,upgrade
EVT_01590,CUST_0039,2025-03-11 00:35:00,2514600,VND,upgrade
EVT_01524,CUST_0048,2025-12-28 11:56:00,736600,VND,cancel
EVT_00448,CUST_0004,2025-12-21 04:51:00,0,,upgrade
EVT_01115,CUST_0065,2025-08-21 11:26:00,2514600,VND,signup
EVT_00179,CUST_0026,2025-02-12 17:50:00,736600,VND,signup
EVT_00391,CUST_0070,2025-03-23 10:30:00,736600,VND,upgrade
EVT_00579,CUST_0103,2025-09-13 20:38:00,29,USD,cancel
EVT_01303,CUST_0072,2025-03-01 08:41:00,999,EUR,cancel
EVT_01542,CUST_0028,2025-12-27 18:42:00,999,USD,upgrade
EVT_01316,CUST_0043,2025-06-03 06:56:00,0,USD,cancel
EVT_01484,CUST_0043,2025-03-04 01:28:00,2514600,VND,signup
EVT_01630,CUST_0066,2025-03-21 00:26:00,29,USD,signup
EVT_01549,CUST_0070,2025-12-07 12:17:00,736600,VND,signup
EVT_00807,CUST_0116,2025-09-02 03:03:00,29,USD,upgrade
EVT_00889,CUST_0074,2025-03-03 04:16:00,736600,VND,downgrade
EVT_00665,CUST_0058,2025-02-24 08:00:00,29,USD,signup
EVT_00143,CUST_0087,2025-09-24 13:25:00,299,USD,cancel
EVT_01367,CUST_0039,2025-12-28 02:45:00,29,USD,upgrade
EVT_01286,CUST_0116,2025-05-06 16:21:00,99,USD,upgrade
EVT_00422,CUST_0059,2025-01-03 05:44:00,99,EUR,downgrade
EVT_00637,CUST_0002,2025-06-11 15:47:00,29,EUR,cancel
EVT_01264,CUST_0078,2025-01-23 21:24:00,2514600,VND,downgrade
EVT_01793,CUST_0051,2025-12-03 18:38:00,299,EUR,signup
EVT_00616,CUST_0016,2025-01-23 13:15:00,0,EUR,cancel
EVT_00295,CUST_0028,2025-05-03 09:29:00,0,USD,downgrade
EVT_00765,CUST_0013,2025-09-02 07:36:00,29,EUR,cancel
EVT_01709,CUST_0077,2025-10-20 21:22:00,29,USD,signup
EVT_00089,CUST_0015,2025-12-02 23:42:00,299,USD,upgrade
EVT_00042,CUST_0071,2025-12-05 01:18:00,299,USD,signup
EVT_01622,CUST_0066,2025-03-01 19:19:00,29,USD,signup
EVT_01737,CUST_0106,2025-04-22 23:23:00,0,EUR,upgrade
EVT_00132,CUST_0093,2025-10-16 15:35:00,0,EUR,downgrade
EVT_01474,CUST_0035,2025-09-04 00:24:00,99,EUR,downgrade
EVT_00811,CUST_0118,2025-02-22 03:24:00,999,USD,downgrade
EVT_00924,CUST_0081,2025-11-08 15:27:00,2514600,VND,signup
EVT_01669,CUST_0102,2025-09-20 10:07:00,99,USD,signup
EVT_00974,CUST_0103,2025-07-12 20:41:00,0,USD,upgrade
EVT_00165,CUST_0065,2025-02-22 14:38:00,29,USD,cancel
EVT_00725,CUST_0089,2025-04-20 09:38:00,999,USD,upgrade
EVT_00291,CUST_0049,2025-05-19 19:06:00,0,USD,downgrade
EVT_01703,CUST_0111,2025-02-04 23:17:00,99,EUR,cancel
EVT_00835,CUST_0099,2025-09-14 08:46:00,2514600,VND,upgrade
EVT_00349,CUST_0033,2025-03-23 19:44:00,736600,VND,signup
EVT_00572,CUST_0095,2025-12-22 08:24:00,99,EUR,upgrade
EVT_00799,CUST_0067,2025-02-28 10:29:00,0,USD,upgrade
EVT_01696,CUST_0030,2025-02-10 00:27:00,736600,VND,cancel
EVT_00966,CUST_0015,2025-01-18 00:24:00,2514600,VND,downgrade
EVT_01436,CUST_0071,2025-02-22 04:18:00,999,EUR,signup
EVT_01757,CUST_0052,2025-12-01 09:01:00,736600,VND,cancel
EVT_00840,CUST_0101,2025-10-25 03:19:00,736600,VND,signup
EVT_00459,CUST_0078,2025-01-03 04:18:00,29,EUR,upgrade
EVT_00376,CUST_0061,2025-02-03 17:39:00,29,USD,downgrade
EVT_00334,CUST_0114,2025-10-16 22:56:00,299,USD,upgrade
EVT_01607,CUST_0080,2025-12-12 23:35:00,0,EUR,downgrade
EVT_01762,CUST_0087,2025-10-17 04:18:00,29,USD,cancel
EVT_01456,CUST_0048,2025-03-02 05:59:00,2514600,VND,upgrade
EVT_01704,CUST_0051,2025-05-27 10:54:00,29,USD,signup
EVT_01182,CUST_0086,2025-08-25 12:28:00,7594600,VND,upgrade
EVT_01671,CUST_0102,2025-02-25 01:42:00,29,EUR,signup
EVT_01035,CUST_0106,2025-05-24 05:24:00,29,USD,downgrade
EVT_01733,CUST_0062,2025-04-05 18:33:00,29,EUR,upgrade
EVT_00329,CUST_0053,2025-12-24 19:23:00,29,USD,upgrade
EVT_01193,CUST_0037,2025-06-05 16:20:00,99,EUR,upgrade
EVT_00319,CUST_0005,2025-03-12 16:48:00,7594600,VND,upgrade
EVT_01379,CUST_0024,2025-06-06 03:34:00,29,USD,upgrade
EVT_01221,CUST_0095,2025-10-04 06:06:00,29,USD,downgrade
EVT_01563,CUST_0054,2025-07-30 00:45:00,299,USD,upgrade
EVT_00168,CUST_0091,2025-07-24 03:31:00,99,USD,signup
EVT_00013,CUST_0029,2025-11-11 13:18:00,0,VND,downgrade
EVT_00172,CUST_0113,2025-12-22 03:57:00,29,USD,upgrade
EVT_00650,CUST_0103,2025-02-02 11:59:00,0,VND,upgrade
EVT_00261,CUST_0104,2025-11-10 18:45:00,7594600,VND,cancel
EVT_01243,CUST_0100,2025-05-19 00:27:00,29,EUR,signup
EVT_01616,CUST_0003,2025-03-07 17:24:00,0,USD,signup
EVT_00673,CUST_0088,2025-11-13 19:42:00,99,USD,downgrade
EVT_00259,CUST_0073,2025-01-21 09:31:00,29,USD,upgrade
EVT_01190,CUST_0046,2025-12-15 09:21:00,29,USD,downgrade
EVT_00139,CUST_0109,2025-04-09 21:28:00,29,EUR,signup
EVT_00550,CUST_0108,2025-08-07 20:30:00,0,USD,signup
EVT_00863,CUST_0081,2025-11-26 09:11:00,29,USD,signup
EVT_01376,CUST_0018,2025-09-01 11:18:00,0,EUR,cancel
EVT_01119,CUST_0114,2025-04-30 06:00:00,29,USD,upgrade
EVT_01068,CUST_0114,2025-04-09 17:49:00,29,USD,downgrade
EVT_00559,CUST_0002,2025-11-21 22:47:00,7594600,VND,signup
EVT_00140,CUST_0073,2025-06-20 08:51:00,299,USD,downgrade
EVT_01565,CUST_0112,2025-01-13 17:00:00,736600,VND,downgrade
EVT_00532,CUST_0063,2025-03-22 05:11:00,99,EUR,signup
EVT_00225,CUST_0039,2025-08-22 00:23:00,99,USD,signup
EVT_00724,CUST_0119,2025-06-07 04:50:00,299,EUR,downgrade
EVT_00787,CUST_0105,2025-12-27 04:54:00,0,USD,signup
EVT_00825,CUST_0091,2025-07-01 08:19:00,29,USD,cancel
EVT_00410,CUST_0086,2025-06-07 11:59:00,0,EUR,upgrade
EVT_00326,CUST_0114,2025-06-09 11:10:00,0,EUR,cancel
EVT_00965,CUST_0054,2025-12-12 20:01:00,29,USD,upgrade
EVT_00300,CUST_0079,2025-12-14 02:59:00,0,EUR,downgrade
EVT_01139,CUST_0019,2025-01-04 00:43:00,299,USD,upgrade
EVT_01183,CUST_0111,2025-11-24 18:20:00,29,USD,signup
EVT_00940,CUST_0059,2025-09-11 21:31:00,0,VND,upgrade
EVT_01672,CUST_0090,2025-01-22 22:16:00,2514600,VND,signup
EVT_00715,CUST_0060,2025-06-05 04:16:00,29,USD,downgrade
EVT_00194,CUST_0068,2025-03-17 12:26:00,299,EUR,downgrade
EVT_00441,CUST_0108,2025-03-18 12:08:00,29,USD,downgrade
EVT_00574,CUST_0114,2025-01-23 02:32:00,29,EUR,cancel
EVT_00504,CUST_0016,2025-09-24 16:01:00,99,USD,signup
EVT_00606,CUST_0100,2025-10-06 22:19:00,29,USD,downgrade
EVT_01055,CUST_0039,2025-10-31 20:10:00,29,USD,downgrade
EVT_01609,CUST_0059,2025-04-24 21:37:00,29,USD,downgrade
EVT_00004,CUST_0057,2025-06-06 00:51:00,299,USD,downgrade
EVT_01042,CUST_0079,2025-04-30 18:21:00,29,USD,upgrade
EVT_01108,CUST_0032,2025-06-05 01:09:00,736600,VND,upgrade
EVT_00468,CUST_0090,2025-04-07 03:02:00,99,USD,downgrade
EVT_00322,CUST_0086,2025-05-19 10:08:00,29,EUR,signup
EVT_00006,CUST_0078,2025-08-20 11:18:00,299,USD,downgrade
EVT_00223,CUST_0020,2025-11-27 14:08:00,29,USD,upgrade
EVT_00548,CUST_0008,2025-06-09 13:55:00,99,USD,upgrade
EVT_00229,CUST_0027,2025-06-12 16:10:00,0,VND,signup
EVT_00040,CUST_0096,2025-11-25 19:32:00,99,EUR,downgrade
EVT_00543,CUST_0083,2025-08-13 23:41:00,99,USD,upgrade
EVT_00243,CUST_0032,2025-06-25 12:59:00,99,EUR,signup
EVT_01716,CUST_0031,2025-06-08 12:42:00,99,USD,downgrade
EVT_00137,CUST_0119,2025-10-05 07:28:00,29,EUR,upgrade
EVT_01079,CUST_0084,2025-01-02 11:10:00,0,EUR,downgrade
EVT_01581,CUST_0118,2025-02-28 13:24:00,29,USD,downgrade
EVT_01418,CUST_0080,2025-01-02 11:15:00,0,USD,upgrade
EVT_01434,CUST_0038,2025-11-12 13:36:00,0,EUR,signup
EVT_00830,CUST_0044,2025-07-11 04:40:00,2514600,VND,upgrade
EVT_00446,CUST_0001,2025-07-15 18:36:00,99,EUR,upgrade
EVT_00843,CUST_0026,2025-01-03 00:03:00,99,USD,signup
EVT_00980,CUST_0072,2025-03-07 07:23:00,736600,VND,downgrade
EVT_01698,CUST_0094,2025-01-10 04:32:00,29,EUR,downgrade
EVT_01074,CUST_0082,2025-09-05 02:30:00,0,VND,upgrade
EVT_01643,CUST_0110,2025-09-07 21:28:00,0,EUR,upgrade
EVT_00582,CUST_0004,2025-12-05 03:59:00,29,USD,cancel
EVT_01589,CUST_0028,2025-04-08 06:28:00,736600,VND,upgrade
EVT_01770,CUST_0082,2025-10-01 21:31:00,0,EUR,upgrade
EVT_00662,CUST_0092,2025-08-07 08:57:00,736600,VND,signup
EVT_00437,CUST_0017,2025-01-09 12:51:00,2514600,VND,cancel
EVT_01670,CUST_0117,2025-09-15 06:45:00,736600,VND,upgrade
EVT_00377,CUST_0039,2025-12-11 01:33:00,99,USD,downgrade
EVT_01330,CUST_0057,2025-11-23 12:28:00,29,USD,signup
EVT_00315,CUST_0066,2025-07-16 20:27:00,999,USD,upgrade
EVT_00443,CUST_0032,2025-10-20 23:22:00,999,EUR,upgrade
EVT_01038,CUST_0111,2025-08-12 13:57:00,299,USD,upgrade
EVT_00320,CUST_0107,2025-06-17 20:30:00,2514600,VND,upgrade
EVT_00282,CUST_0026,2025-06-21 07:20:00,99,USD,upgrade
EVT_00933,CUST_0022,2025-11-08 11:34:00,299,EUR,signup
EVT_01358,CUST_0093,2025-08-15 00:34:00,29,EUR,upgrade
EVT_01604,CUST_0088,2025-06-02 05:52:00,29,USD,upgrade
EVT_00425,CUST_0001,2025-02-03 17:04:00,29,USD,upgrade
EVT_00554,CUST_0102,2025-12-25 16:56:00,99,USD,upgrade
EVT_00595,CUST_0058,2025-07-10 17:50:00,29,,signup
EVT_01764,CUST_0079,2025-11-24 06:42:00,99,EUR,downgrade
EVT_00369,CUST_0030,2025-02-15 15:00:00,0,USD,upgrade
EVT_01252,CUST_0010,2025-10-30 23:18:00,999,USD,upgrade
EVT_01179,CUST_0114,2025-09-03 06:21:00,29,USD,upgrade
EVT_01424,CUST_0036,2025-10-18 20:03:00,99,USD,downgrade
EVT_01457,CUST_0023,2025-06-17 04:02:00,29,USD,upgrade
EVT_01442,CUST_0087,2025-03-07 23:40:00,29,USD,downgrade
EVT_00228,CUST_0010,2025-08-31 22:23:00,29,USD,signup
EVT_01001,CUST_0108,2025-04-17 06:13:00,99,USD,signup
EVT_01091,CUST_0009,2025-10-28 15:27:00,29,USD,upgrade
EVT_01621,CUST_0037,2025-06-15 02:33:00,99,EUR,downgrade
EVT_00964,CUST_0030,2025-04-20 13:10:00,99,USD,cancel
EVT_00067,CUST_0059,2025-02-04 14:34:00,29,USD,signup
EVT_00394,CUST_0091,2025-07-01 21:09:00,2514600,VND,downgrade
EVT_00580,CUST_0108,2025-04-07 14:05:00,29,USD,upgrade
EVT_00025,CUST_0049,2025-07-06 11:37:00,0,VND,upgrade
EVT_00212,CUST_0037,2025-05-30 07:58:00,29,EUR,cancel
EVT_01385,CUST_0006,2025-01-30 18:48:00,299,USD,signup
EVT_00145,CUST_0090,2025-04-10 11:41:00,0,VND,downgrade
EVT_00537,CUST_0038,2025-12-18 15:15:00,29,USD,signup
EVT_00812,CUST_0118,2025-05-23 03:44:00,0,USD,signup
EVT_01007,CUST_0025,2025-07-20 01:42:00,99,EUR,upgrade
EVT_00926,CUST_0003,2025-12-03 08:25:00,2514600,VND,upgrade
EVT_00086,CUST_0067,2025-06-20 18:07:00,2514600,VND,signup
EVT_01623,CUST_0004,2025-03-15 13:58:00,7594600,VND,downgrade
EVT_00273,CUST_0086,2025-07-30 22:57:00,7594600,VND,cancel
EVT_01162,CUST_0118,2025-03-14 03:33:00,29,USD,signup
EVT_01445,CUST_0094,2025-12-27 08:29:00,29,USD,signup
EVT_01106,CUST_0040,2025-11-17 00:52:00,29,USD,upgrade
EVT_01625,CUST_0004,2025-11-29 12:54:00,736600,VND,downgrade
EVT_00631,CUST_0074,2025-01-16 18:28:00,29,EUR,downgrade
EVT_01235,CUST_0004,2025-11-16 04:42:00,7594600,,upgrade
EVT_01683,CUST_0082,2025-03-26 23:53:00,29,USD,downgrade
EVT_00916,CUST_0067,2025-11-20 22:08:00,0,USD,upgrade
EVT_01234,CUST_0023,2025-06-12 17:40:00,29,USD,downgrade
EVT_01037,CUST_0012,2025-12-25 16:48:00,999,USD,cancel
EVT_00506,CUST_0089,2025-06-24 21:42:00,736600,VND,signup
EVT_00274,CUST_0010,2025-09-01 18:53:00,29,USD,upgrade
EVT_01198,CUST_0025,2025-06-23 17:17:00,2514600,VND,upgrade
EVT_01597,CUST_0068,2025-04-08 19:16:00,0,,downgrade
EVT_00363,CUST_0023,2025-08-26 15:46:00,0,EUR,downgrade
EVT_01454,CUST_0104,2025-06-30 04:44:00,29,EUR,upgrade
EVT_00623,CUST_0117,2025-07-18 01:15:00,0,USD,downgrade
EVT_00003,CUST_0027,2025-05-10 14:35:00,736600,VND,signup
EVT_00007,CUST_0030,2025-04-01 11:16:00,999,USD,signup
EVT_01002,CUST_0003,2025-12-20 13:49:00,0,EUR,upgrade
EVT_00312,CUST_0042,2025-09-12 17:42:00,0,USD,cancel
EVT_01218,CUST_0074,2025-12-08 12:40:00,29,USD,signup
EVT_00927,CUST_0055,2025-03-05 14:01:00,999,USD,signup
EVT_00666,CUST_0103,2025-10-27 02:28:00,736600,VND,signup
EVT_00365,CUST_0018,2025-08-03 06:22:00,0,USD,upgrade
EVT_01773,CUST_0102,2025-07-29 22:34:00,0,USD,upgrade
EVT_00216,CUST_0034,2025-09-08 04:58:00,99,USD,signup
EVT_01739,CUST_0097,2025-12-24 00:31:00,7594600,VND,downgrade
EVT_00028,CUST_0069,2025-04-20 12:16:00,29,USD,cancel
EVT_01573,CUST_0027,2025-06-09 23:46:00,29,USD,downgrade
EVT_00526,CUST_0120,2025-06-14 06:20:00,99,EUR,cancel
EVT_01651,CUST_0089,2025-05-12 16:18:00,29,EUR,downgrade
EVT_00947,CUST_0114,2025-05-30 10:17:00,29,USD,downgrade
EVT_00639,CUST_0073,2025-07-05 19:31:00,29,USD,upgrade
EVT_00303,CUST_0052,2025-11-06 19:47:00,29,EUR,cancel
EVT_00719,CUST_0012,2025-03-20 03:17:00,2514600,VND,downgrade
EVT_00692,CUST_0108,2025-08-25 20:44:00,0,VND,signup
EVT_01717,CUST_0021,2025-04-18 03:51:00,736600,VND,downgrade
EVT_01224,CUST_0100,2025-02-18 16:25:00,0,VND,signup
EVT_00625,CUST_0023,2025-04-21 02:39:00,736600,VND,signup
EVT_00008,CUST_0117,2025-06-04 23:20:00,99,USD,upgrade
EVT_00257,CUST_0047,2025-02-14 21:44:00,29,USD,downgrade
EVT_00804,CUST_0015,2025-09-07 21:16:00,99,USD,upgrade
EVT_00026,CUST_0039,2025-10-18 03:11:00,0,USD,cancel
EVT_00337,CUST_0110,2025-01-21 07:23:00,99,USD,cancel
EVT_00573,CUST_0092,2025-09-16 04:38:00,29,EUR,upgrade
EVT_00048,CUST_0004,2025-07-08 01:57:00,299,USD,upgrade
EVT_01332,CUST_0067,2025-11-24 05:43:00,29,,cancel
EVT_00107,CUST_0015,2025-03-22 04:40:00,25374600,VND,cancel
EVT_00350,CUST_0020,2025-04-29 03:31:00,29,EUR,cancel
EVT_00056,CUST_0099,2025-11-25 02:52:00,99,USD,downgrade
EVT_00239,CUST_0019,2025-03-10 06:02:00,29,USD,upgrade
EVT_00214,CUST_0111,2025-01-25 04:30:00,99,USD,signup
EVT_00121,CUST_0114,2025-05-27 19:50:00,736600,VND,cancel
EVT_01133,CUST_0061,2025-11-24 06:47:00,99,USD,downgrade
EVT_01031,CUST_0045,2025-03-13 03:20:00,2514600,VND,signup
EVT_00794,CUST_0078,2025-10-18 18:14:00,0,USD,cancel
EVT_00073,CUST_0030,2025-01-05 14:45:00,2514600,VND,downgrade
EVT_00923,CUST_0073,2025-05-01 21:05:00,29,USD,signup
EVT_00813,CUST_0068,2025-08-15 09:45:00,0,VND,cancel
EVT_01555,CUST_0039,2025-10-24 00:29:00,99,USD,cancel
EVT_00078,CUST_0008,2025-02-04 16:44:00,736600,VND,downgrade
EVT_00945,CUST_0079,2025-03-27 09:42:00,299,EUR,cancel
EVT_01297,CUST_0079,2025-05-25 15:33:00,99,USD,upgrade
EVT_00046,CUST_0065,2025-04-29 03:09:00,29,USD,upgrade
EVT_01510,CUST_0016,2025-07-04 15:44:00,29,EUR,downgrade
EVT_00524,CUST_0065,2025-11-26 01:51:00,736600,VND,upgrade
EVT_00233,CUST_0069,2025-01-14 12:52:00,736600,VND,upgrade
EVT_00645,CUST_0097,2025-05-27 02:37:00,29,USD,upgrade
EVT_01323,CUST_0099,2025-05-26 18:48:00,99,EUR,upgrade
EVT_01359,CUST_0070,2025-08-28 04:27:00,299,USD,upgrade
EVT_01080,CUST_0102,2025-11-07 22:48:00,29,USD,upgrade
EVT_00534,CUST_0053,2025-04-02 01:20:00,299,USD,upgrade
EVT_01557,CUST_0084,2025-07-16 15:15:00,99,USD,upgrade
EVT_01360,CUST_0023,2025-11-16 09:39:00,2514600,VND,cancel
EVT_00604,CUST_0016,2025-04-22 12:29:00,29,USD,signup
EVT_00466,CUST_0106,2025-05-10 15:12:00,99,USD,upgrade
EVT_01533,CUST_0017,2025-08-25 22:34:00,29,USD,downgrade
EVT_00789,CUST_0082,2025-03-22 00:03:00,999,USD,upgrade
EVT_01527,CUST_0024,2025-07-26 15:07:00,736600,VND,cancel
EVT_01262,CUST_0080,2025-07-28 20:29:00,99,EUR,upgrade
EVT_01199,CUST_0001,2025-12-06 07:45:00,299,USD,upgrade
EVT_00061,CUST_0004,2025-04-23 13:30:00,0,USD,upgrade
EVT_01177,CUST_0018,2025-03-28 05:54:00,0,EUR,downgrade
EVT_01714,CUST_0054,2025-10-27 13:25:00,29,USD,downgrade
EVT_00093,CUST_0095,2025-12-03 15:58:00,2514600,VND,cancel
EVT_00667,CUST_0025,2025-10-13 13:09:00,99,USD,signup
EVT_00986,CUST_0012,2025-08-10 21:54:00,736600,VND,downgrade
EVT_01674,CUST_0037,2025-04-01 04:29:00,99,USD,upgrade
EVT_00195,CUST_0014,2025-03-22 08:41:00,29,USD,signup
EVT_00281,CUST_0055,2025-07-01 05:36:00,0,USD,downgrade
EVT_00696,CUST_0043,2025-08-31 06:27:00,7594600,VND,downgrade
EVT_00991,CUST_0116,2025-06-07 09:12:00,99,USD,signup
EVT_00360,CUST_0063,2025-03-03 17:23:00,736600,VND,cancel
EVT_01560,CUST_0055,2025-01-24 13:48:00,299,USD,upgrade
EVT_00520,CUST_0050,2025-05-19 11:18:00,0,VND,cancel
EVT_01294,CUST_0062,2025-12-01 05:47:00,0,EUR,upgrade
EVT_01205,CUST_0068,2025-05-06 13:29:00,0,USD,upgrade
EVT_01357,CUST_0003,2025-01-07 14:51:00,299,EUR,downgrade
EVT_01619,CUST_0083,2025-10-02 05:37:00,29,EUR,upgrade
EVT_00848,CUST_0023,2025-01-19 15:26:00,2514600,VND,cancel
EVT_00183,CUST_0039,2025-08-22 05:29:00,299,USD,signup
EVT_01229,CUST_0075,2025-04-06 06:25:00,29,USD,cancel
EVT_01789,CUST_0088,2025-09-17 17:29:00,29,USD,downgrade
EVT_00111,CUST_0049,2025-11-15 03:39:00,99,EUR,cancel
EVT_01103,CUST_0102,2025-03-23 02:10:00,0,USD,upgrade
EVT_01335,CUST_0107,2025-02-06 07:31:00,0,USD,downgrade
EVT_01107,CUST_0020,2025-06-25 00:20:00,29,USD,upgrade
EVT_00043,CUST_0055,2025-01-05 03:31:00,99,,cancel
EVT_00747,CUST_0059,2025-12-28 09:53:00,29,USD,upgrade
EVT_00126,CUST_0036,2025-05-06 01:53:00,736600,VND,upgrade
EVT_00205,CUST_0061,2025-05-10 17:55:00,29,USD,downgrade
EVT_01308,CUST_0047,2025-02-14 07:55:00,2514600,VND,upgrade
EVT_00053,CUST_0025,2025-05-26 16:26:00,736600,VND,upgrade
EVT_01402,CUST_0049,2025-02-23 17:38:00,99,USD,signup
EVT_00546,CUST_0004,2025-11-27 20:56:00,0,USD,cancel
EVT_00069,CUST_0089,2025-09-15 12:14:00,999,EUR,downgrade
EVT_01095,CUST_0029,2025-03-13 10:25:00,0,USD,cancel
EVT_01748,CUST_0009,2025-01-27 05:56:00,29,EUR,signup
EVT_00508,CUST_0074,2025-08-16 12:39:00,0,VND,upgrade
EVT_01394,CUST_0019,2025-05-17 15:29:00,29,USD,cancel
EVT_00330,CUST_0011,2025-12-12 02:11:00,299,EUR,downgrade
EVT_01048,CUST_0072,2025-06-29 01:46:00,29,USD,upgrade
EVT_00184,CUST_0048,2025-06-24 09:07:00,29,USD,downgrade
EVT_00138,CUST_0033,2025-05-16 20:41:00,736600,VND,signup
EVT_00900,CUST_0095,2025-12-25 15:47:00,29,USD,upgrade
EVT_00797,CUST_0022,2025-12-08 08:49:00,99,USD,upgrade
EVT_00133,CUST_0023,2025-10-22 21:47:00,29,EUR,upgrade
EVT_00081,CUST_0062,2025-10-03 17:05:00,2514600,VND,upgrade
EVT_01451,CUST_0021,2025-12-29 20:23:00,29,USD,downgrade
EVT_00542,CUST_0109,2025-04-01 00:16:00,0,USD,signup
EVT_01668,CUST_0044,2025-10-14 04:18:00,29,USD,upgrade
EVT_00984,CUST_0097,2025-08-18 19:24:00,29,USD,downgrade
EVT_00166,CUST_0009,2025-08-13 04:32:00,99,USD,downgrade
EVT_00249,CUST_0113,2025-08-19 20:46:00,99,USD,signup
EVT_00447,CUST_0045,2025-07-17 02:46:00,29,USD,downgrade
EVT_01041,CUST_0054,2025-12-20 02:20:00,99,EUR,upgrade
EVT_00859,CUST_0105,2025-08-06 17:42:00,99,EUR,downgrade
EVT_01097,CUST_0115,2025-04-08 08:38:00,99,EUR,downgrade
EVT_00098,CUST_0061,2025-07-26 17:13:00,29,USD,signup
EVT_01774,CUST_0054,2025-04-17 12:11:00,99,EUR,upgrade
EVT_00738,CUST_0082,2025-02-20 16:14:00,29,USD,downgrade
EVT_01134,CUST_0048,2025-07-01 23:53:00,29,USD,upgrade
EVT_00103,CUST_0090,2025-07-26 17:36:00,2514600,VND,upgrade
EVT_00435,CUST_0011,2025-10-13 14:34:00,29,USD,upgrade
EVT_00075,CUST_0015,2025-12-13 09:09:00,299,USD,upgrade
EVT_01614,CUST_0117,2025-02-25 03:32:00,29,EUR,upgrade
EVT_01088,CUST_0109,2025-11-20 15:08:00,29,EUR,signup
EVT_00919,CUST_0062,2025-09-29 11:53:00,999,USD,signup
EVT_01546,CUST_0015,2025-02-23 16:24:00,299,USD,upgrade
EVT_01744,CUST_0117,2025-09-03 10:35:00,7594600,VND,signup
EVT_01551,CUST_0009,2025-07-20 11:12:00,99,EUR,upgrade
EVT_00763,CUST_0094,2025-04-16 21:53:00,29,USD,downgrade
EVT_00990,CUST_0034,2025-10-12 19:54:00,736600,VND,upgrade
EVT_00389,CUST_0020,2025-02-25 17:35:00,29,USD,cancel
EVT_00236,CUST_0088,2025-02-20 04:40:00,0,USD,upgrade
EVT_00268,CUST_0040,2025-05-08 20:21:00,299,USD,signup
EVT_01075,CUST_0076,2025-08-14 08:26:00,99,USD,upgrade
EVT_00118,CUST_0035,2025-07-10 13:09:00,0,VND,downgrade
EVT_01449,CUST_0062,2025-06-13 17:57:00,299,USD,cancel
EVT_00674,CUST_0001,2025-08-19 00:53:00,736600,VND,upgrade
EVT_00250,CUST_0095,2025-01-22 21:29:00,299,USD,signup
EVT_01448,CUST_0040,2025-10-23 19:13:00,0,USD,signup
EVT_00095,CUST_0116,2025-07-28 12:12:00,99,USD,downgrade
EVT_00034,CUST_0117,2025-01-08 16:32:00,99,USD,downgrade
EVT_01318,CUST_0078,2025-12-14 13:26:00,99,,cancel
EVT_01507,CUST_0095,2025-01-28 05:17:00,29,USD,signup
EVT_00449,CUST_0023,2025-08-03 01:45:00,0,USD,upgrade
EVT_00717,CUST_0013,2025-05-27 03:51:00,29,EUR,cancel
EVT_01489,CUST_0046,2025-12-21 12:13:00,29,USD,cancel
EVT_01680,CUST_0104,2025-03-10 02:38:00,99,EUR,upgrade
EVT_00001,CUST_0002,2025-06-27 13:34:00,0,USD,downgrade
EVT_01237,CUST_0119,2025-06-30 06:13:00,29,USD,signup
EVT_00083,CUST_0033,2025-02-05 00:53:00,99,USD,upgrade
EVT_01675,CUST_0006,2025-05-01 17:03:00,999,EUR,downgrade
EVT_00677,CUST_0046,2025-04-04 03:33:00,299,USD,cancel
EVT_01306,CUST_0090,2025-07-09 10:07:00,29,EUR,signup
EVT_01047,CUST_0041,2025-12-12 10:58:00,0,EUR,downgrade
EVT_00771,CUST_0058,2025-05-23 02:18:00,29,USD,signup
EVT_01101,CUST_0115,2025-06-01 00:54:00,299,EUR,upgrade
EVT_01169,CUST_0014,2025-10-24 09:08:00,299,EUR,downgrade
EVT_01426,CUST_0045,2025-08-29 17:51:00,99,EUR,upgrade
EVT_01341,CUST_0012,2025-12-27 09:21:00,299,EUR,signup
EVT_00405,CUST_0064,2025-01-22 22:43:00,99,USD,downgrade
EVT_01559,CUST_0097,2025-12-06 12:28:00,0,USD,upgrade
EVT_01171,CUST_0075,2025-12-25 02:13:00,99,USD,signup
EVT_00105,CUST_0056,2025-09-15 16:28:00,29,USD,upgrade
EVT_00689,CUST_0067,2025-05-01 16:48:00,29,USD,upgrade
EVT_01176,CUST_0092,2025-05-25 19:16:00,2514600,VND,signup
EVT_00827,CUST_0045,2025-02-25 23:48:00,29,USD,downgrade
EVT_00063,CUST_0039,2025-07-29 10:14:00,29,USD,upgrade
EVT_00853,CUST_0049,2025-08-30 18:38:00,29,USD,upgrade
EVT_01587,CUST_0119,2025-05-24 02:56:00,299,USD,signup
EVT_00224,CUST_0095,2025-12-24 12:11:00,99,USD,upgrade
EVT_00146,CUST_0098,2025-09-10 08:43:00,736600,VND,downgrade
EVT_01089,CUST_0082,2025-07-02 09:12:00,0,EUR,downgrade
EVT_00374,CUST_0118,2025-10-08 11:59:00,0,USD,cancel
EVT_01277,CUST_0077,2025-03-27 02:21:00,29,USD,upgrade
EVT_01645,CUST_0041,2025-02-03 12:30:00,2514600,VND,upgrade
EVT_01346,CUST_0036,2025-03-25 21:31:00,29,USD,downgrade
EVT_01647,CUST_0071,2025-05-15 15:06:00,7594600,VND,cancel
EVT_01147,CUST_0006,2025-02-22 06:07:00,99,EUR,cancel
EVT_00010,CUST_0052,2025-04-16 15:44:00,736600,VND,cancel
EVT_00450,CUST_0029,2025-07-31 23:50:00,736600,VND,signup
EVT_00709,CUST_0023,2025-05-03 15:26:00,99,USD,upgrade
EVT_00256,CUST_0052,2025-02-04 22:40:00,0,USD,upgrade
EVT_00883,CUST_0038,2025-12-08 10:12:00,29,USD,upgrade
EVT_00390,CUST_0043,2025-02-21 15:10:00,0,USD,downgrade
EVT_00909,CUST_0053,2025-11-29 01:56:00,299,USD,upgrade
EVT_00925,CUST_0028,2025-11-23 18:24:00,29,USD,upgrade
EVT_01539,CUST_0046,2025-04-23 22:07:00,29,EUR,upgrade
EVT_01602,CUST_0030,2025-07-05 03:28:00,0,VND,downgrade
EVT_00461,CUST_0036,2025-04-19 07:17:00,736600,VND,signup
EVT_01146,CUST_0098,2025-03-01 23:20:00,29,USD,upgrade
EVT_00959,CUST_0028,2025-09-14 04:55:00,2514600,VND,upgrade
EVT_00502,CUST_0098,2025-05-01 06:29:00,0,USD,downgrade
EVT_00740,CUST_0098,2025-05-13 01:31:00,2514600,VND,upgrade
EVT_01665,CUST_0091,2025-01-03 01:15:00,0,USD,downgrade
EVT_00869,CUST_0048,2025-01-08 19:21:00,29,USD,signup
EVT_00732,CUST_0028,2025-10-09 23:16:00,0,USD,downgrade
EVT_00540,CUST_0104,2025-05-09 22:53:00,299,USD,signup
EVT_00698,CUST_0074,2025-05-25 01:39:00,99,EUR,cancel
EVT_01253,CUST_0054,2025-07-08 15:20:00,0,USD,upgrade
EVT_01238,CUST_0010,2025-10-11 13:30:00,0,EUR,upgrade
EVT_01032,CUST_0039,2025-03-30 22:13:00,0,USD,downgrade
EVT_00373,CUST_0094,2025-01-10 10:59:00,0,VND,downgrade
EVT_00668,CUST_0009,2025-08-29 08:46:00,2514600,VND,signup
EVT_01375,CUST_0045,2025-12-18 02:03:00,0,EUR,upgrade
EVT_00358,CUST_0060,2025-03-24 00:27:00,299,USD,upgrade
EVT_00968,CUST_0115,2025-11-07 09:21:00,2514600,VND,upgrade
EVT_00784,CUST_0098,2025-10-03 08:26:00,99,USD,signup
EVT_00736,CUST_0037,2025-06-16 21:46:00,99,EUR,upgrade
EVT_01036,CUST_0090,2025-05-19 09:07:00,0,USD,signup
EVT_00971,CUST_0051,2025-03-31 23:06:00,29,USD,upgrade
EVT_01374,CUST_0021,2025-05-07 18:20:00,0,USD,downgrade
EVT_01339,CUST_0096,2025-06-08 18:28:00,29,EUR,signup
EVT_01343,CUST_0005,2025-09-20 21:15:00,736600,VND,signup
EVT_01746,CUST_0110,2025-04-30 09:43:00,0,VND,signup
EVT_01550,CUST_0025,2025-03-01 21:22:00,999,EUR,upgrade
EVT_00886,CUST_0054,2025-05-24 19:54:00,736600,VND,cancel
EVT_00080,CUST_0021,2025-01-02 15:54:00,99,USD,signup
EVT_00815,CUST_0048,2025-02-25 07:06:00,99,USD,downgrade
EVT_01160,CUST_0053,2025-01-18 00:43:00,0,USD,upgrade
EVT_00672,CUST_0039,2025-05-04 08:30:00,0,USD,signup
EVT_01381,CUST_0002,2025-05-31 21:16:00,7594600,VND,cancel
EVT_00058,CUST_0089,2025-07-09 00:41:00,29,EUR,signup
EVT_00134,CUST_0099,2025-09-09 10:41:00,99,USD,signup
EVT_01141,CUST_0107,2025-11-08 17:00:00,29,USD,downgrade
EVT_00934,CUST_0025,2025-03-13 03:41:00,299,USD,signup
EVT_01576,CUST_0089,2025-02-04 09:37:00,0,EUR,downgrade
EVT_00824,CUST_0076,2025-08-13 05:14:00,29,USD,downgrade
EVT_00505,CUST_0048,2025-05-26 04:29:00,99,EUR,downgrade
EVT_01632,CUST_0043,2025-08-10 19:30:00,736600,VND,upgrade
EVT_00348,CUST_0063,2025-02-25 04:47:00,0,VND,cancel
EVT_00387,CUST_0111,2025-11-18 03:47:00,29,USD,upgrade
EVT_01025,CUST_0047,2025-12-10 07:45:00,29,USD,downgrade
EVT_00895,CUST_0065,2025-04-20 07:07:00,99,USD,downgrade
EVT_00829,CUST_0017,2025-06-12 12:23:00,0,EUR,signup
EVT_01700,CUST_0105,2025-08-20 05:07:00,0,VND,upgrade
EVT_00476,CUST_0032,2025-09-19 01:24:00,0,USD,downgrade
EVT_01325,CUST_0001,2025-11-27 18:20:00,29,EUR,signup
EVT_01601,CUST_0057,2025-08-19 11:23:00,99,EUR,downgrade
EVT_00653,CUST_0082,2025-05-20 23:17:00,0,VND,upgrade
EVT_00173,CUST_0094,2025-12-17 20:52:00,99,USD,downgrade
EVT_01150,CUST_0035,2025-03-14 19:41:00,29,USD,downgrade
EVT_00039,CUST_0106,2025-10-19 07:30:00,29,EUR,signup
EVT_00714,CUST_0049,2025-06-25 09:02:00,99,EUR,cancel
EVT_00091,CUST_0034,2025-12-30 11:13:00,0,EUR,downgrade
EVT_01740,CUST_0038,2025-03-22 04:31:00,299,EUR,signup
EVT_00876,CUST_0093,2025-02-16 17:08:00,29,USD,cancel
EVT_01701,CUST_0015,2025-10-10 14:48:00,0,USD,downgrade
EVT_01094,CUST_0061,2025-10-06 18:32:00,2514600,VND,upgrade
EVT_01156,CUST_0099,2025-12-25 23:22:00,736600,VND,upgrade
EVT_01536,CUST_0073,2025-12-06 05:41:00,99,USD,downgrade
EVT_01759,CUST_0049,2025-02-09 07:22:00,99,USD,downgrade
EVT_00500,CUST_0013,2025-10-04 08:35:00,29,USD,upgrade
EVT_00339,CUST_0070,2025-12-20 23:20:00,29,USD,cancel
EVT_00029,CUST_0116,2025-08-30 02:14:00,2514600,VND,signup
EVT_01191,CUST_0014,2025-01-20 03:01:00,736600,VND,upgrade
EVT_01792,CUST_0081,2025-05-09 21:03:00,29,USD,downgrade
EVT_00946,CUST_0113,2025-04-08 17:04:00,2514600,VND,cancel
EVT_00170,CUST_0040,2025-05-07 05:32:00,29,EUR,cancel
EVT_00913,CUST_0057,2025-03-23 11:55:00,2514600,VND,cancel
EVT_00492,CUST_0100,2025-02-17 04:28:00,29,EUR,upgrade
EVT_00954,CUST_0008,2025-05-02 21:31:00,29,USD,upgrade
EVT_01098,CUST_0049,2025-01-11 15:32:00,29,EUR,upgrade
EVT_01033,CUST_0082,2025-02-27 13:08:00,29,USD,downgrade
EVT_00588,CUST_0009,2025-10-06 03:33:00,29,USD,upgrade
EVT_00751,CUST_0081,2025-07-15 09:34:00,299,USD,signup
EVT_00658,CUST_0066,2025-04-25 12:47:00,736600,VND,cancel
EVT_00235,CUST_0078,2025-07-28 21:27:00,0,USD,signup
EVT_00733,CUST_0051,2025-06-02 16:55:00,299,EUR,upgrade
EVT_01473,CUST_0066,2025-09-12 16:03:00,0,VND,upgrade
EVT_01157,CUST_0021,2025-10-10 18:33:00,2514600,VND,cancel
EVT_01324,CUST_0040,2025-09-12 09:04:00,0,USD,signup
EVT_01469,CUST_0035,2025-11-15 10:23:00,7594600,VND,cancel
EVT_00935,CUST_0106,2025-07-06 14:36:00,29,USD,upgrade
EVT_01066,CUST_0069,2025-02-26 10:20:00,99,USD,upgrade
EVT_00109,CUST_0109,2025-08-12 09:02:00,0,USD,signup
EVT_01390,CUST_0012,2025-12-04 21:58:00,7594600,VND,signup
EVT_00569,CUST_0034,2025-01-04 00:54:00,736600,VND,cancel
EVT_01168,CUST_0039,2025-10-09 20:16:00,0,EUR,upgrade
EVT_01175,CUST_0100,2025-01-21 00:20:00,0,USD,signup
EVT_00891,CUST_0092,2025-03-31 02:01:00,29,USD,downgrade
EVT_00948,CUST_0098,2025-07-08 22:06:00,29,USD,signup
EVT_01049,CUST_0063,2025-09-04 15:16:00,99,EUR,cancel
EVT_01215,CUST_0051,2025-08-24 10:14:00,29,USD,upgrade
EVT_01233,CUST_0028,2025-12-02 03:37:00,29,USD,cancel
EVT_01302,CUST_0012,2025-11-01 08:37:00,0,USD,upgrade
EVT_00885,CUST_0074,2025-08-19 01:04:00,29,USD,downgrade
EVT_01511,CUST_0001,2025-06-22 13:24:00,29,USD,upgrade
EVT_00851,CUST_0113,2025-08-21 00:18:00,29,USD,upgrade
EVT_00735,CUST_0073,2025-08-26 00:13:00,99,USD,signup
EVT_00718,CUST_0050,2025-02-21 23:16:00,29,EUR,signup
EVT_00455,CUST_0105,2025-11-29 16:23:00,29,EUR,signup
EVT_00265,CUST_0101,2025-04-16 07:29:00,0,USD,upgrade
EVT_00076,CUST_0008,2025-10-08 04:29:00,29,EUR,downgrade
EVT_00445,CUST_0088,2025-03-01 04:02:00,29,EUR,downgrade
EVT_00396,CUST_0107,2025-03-23 03:15:00,0,VND,upgrade
EVT_00177,CUST_0107,2025-06-17 22:12:00,0,EUR,downgrade
EVT_01043,CUST_0063,2025-03-18 05:46:00,99,USD,upgrade
EVT_01566,CUST_0087,2025-03-31 11:39:00,0,EUR,signup
EVT_01260,CUST_0050,2025-03-28 10:38:00,7594600,VND,downgrade
EVT_01241,CUST_0048,2025-05-02 13:01:00,25374600,VND,downgrade
EVT_00596,CUST_0006,2025-04-19 17:35:00,0,USD,downgrade
EVT_00062,CUST_0074,2025-12-19 09:30:00,0,USD,downgrade
EVT_00873,CUST_0117,2025-12-03 08:46:00,99,EUR,signup
EVT_01342,CUST_0058,2025-08-06 23:47:00,99,USD,signup
EVT_01690,CUST_0044,2025-08-28 10:30:00,99,USD,upgrade
EVT_00279,CUST_0095,2025-05-10 10:28:00,25374600,,downgrade
EVT_00037,CUST_0030,2025-09-23 09:45:00,0,USD,signup
EVT_01366,CUST_0090,2025-01-09 02:43:00,2514600,VND,downgrade
EVT_00663,CUST_0051,2025-04-03 19:53:00,29,USD,upgrade
EVT_01626,CUST_0109,2025-07-02 20:39:00,99,USD,upgrade
EVT_01300,CUST_0114,2025-12-25 22:47:00,99,EUR,cancel
EVT_00978,CUST_0088,2025-12-25 12:05:00,736600,VND,upgrade
EVT_01417,CUST_0086,2025-10-28 07:28:00,736600,VND,upgrade
EVT_00739,CUST_0003,2025-07-16 16:22:00,736600,VND,signup
EVT_00192,CUST_0064,2025-08-03 10:31:00,0,USD,upgrade
EVT_00920,CUST_0028,2025-02-21 01:12:00,99,EUR,upgrade
EVT_00457,CUST_0036,2025-05-03 11:25:00,0,EUR,signup
EVT_00676,CUST_0116,2025-01-29 08:36:00,99,USD,cancel
EVT_00761,CUST_0036,2025-07-01 10:00:00,29,USD,upgrade
EVT_01627,CUST_0074,2025-02-26 03:11:00,0,EUR,downgrade
EVT_00729,CUST_0118,2025-04-05 23:53:00,736600,VND,downgrade
EVT_00413,CUST_0095,2025-10-17 20:21:00,999,USD,downgrade
EVT_01099,CUST_0027,2025-11-21 12:16:00,0,VND,upgrade
EVT_00826,CUST_0031,2025-01-18 16:32:00,99,EUR,upgrade
EVT_01348,CUST_0083,2025-08-05 00:06:00,736600,VND,cancel
EVT_00617,CUST_0094,2025-07-24 17:44:00,0,USD,downgrade
EVT_00115,CUST_0102,2025-06-11 12:05:00,25374600,VND,upgrade
EVT_00418,CUST_0102,2025-08-06 20:59:00,99,USD,signup
EVT_01715,CUST_0066,2025-10-22 02:31:00,0,EUR,signup
EVT_00970,CUST_0079,2025-12-26 11:38:00,29,USD,downgrade
EVT_00605,CUST_0034,2025-01-07 16:20:00,736600,VND,cancel
EVT_01722,CUST_0105,2025-11-22 03:49:00,0,USD,signup
EVT_00090,CUST_0044,2025-11-23 02:08:00,29,USD,upgrade
EVT_00849,CUST_0038,2025-08-11 22:53:00,736600,,upgrade
EVT_01526,CUST_0055,2025-11-25 18:43:00,29,USD,upgrade
EVT_01721,CUST_0033,2025-07-09 04:00:00,29,USD,upgrade
EVT_00754,CUST_0039,2025-09-22 21:39:00,0,VND,downgrade
EVT_00499,CUST_0046,2025-09-25 03:28:00,29,USD,upgrade
EVT_00012,CUST_0077,2025-04-19 01:32:00,29,EUR,signup
EVT_00397,CUST_0066,2025-08-06 07:26:00,0,USD,upgrade
EVT_00285,CUST_0094,2025-06-15 15:44:00,29,USD,downgrade
EVT_01067,CUST_0086,2025-04-15 10:29:00,299,EUR,upgrade
EVT_01192,CUST_0062,2025-05-14 23:18:00,736600,VND,upgrade
EVT_00691,CUST_0054,2025-11-22 07:34:00,99,USD,signup
EVT_01472,CUST_0037,2025-03-11 16:37:00,0,USD,signup
EVT_01687,CUST_0012,2025-03-18 11:04:00,99,EUR,upgrade
EVT_00690,CUST_0107,2025-06-01 18:13:00,29,USD,signup
EVT_00852,CUST_0103,2025-04-28 16:29:00,2514600,VND,downgrade
EVT_00160,CUST_0075,2025-05-25 04:47:00,29,USD,cancel
EVT_00896,CUST_0013,2025-03-24 22:42:00,99,USD,upgrade
EVT_01421,CUST_0117,2025-11-25 03:59:00,29,USD,upgrade
EVT_00258,CUST_0014,2025-05-18 15:18:00,2514600,,signup
EVT_00336,CUST_0047,2025-02-21 16:55:00,29,EUR,upgrade
EVT_01691,CUST_0094,2025-04-30 06:45:00,99,,upgrade
EVT_01040,CUST_0019,2025-02-11 16:02:00,29,EUR,upgrade
EVT_00516,CUST_0039,2025-09-12 22:28:00,0,USD,upgrade
EVT_01016,CUST_0031,2025-03-28 07:50:00,299,USD,upgrade
EVT_00769,CUST_0073,2025-08-22 12:35:00,299,USD,signup
EVT_01575,CUST_0027,2025-09-25 18:35:00,0,EUR,downgrade
EVT_00762,CUST_0120,2025-06-26 08:57:00,29,USD,cancel
EVT_01247,CUST_0062,2025-11-10 09:30:00,7594600,VND,upgrade
EVT_01204,CUST_0116,2025-10-19 04:32:00,736600,VND,cancel
EVT_01513,CUST_0077,2025-02-02 12:17:00,29,USD,signup
EVT_01784,CUST_0028,2025-04-11 03:28:00,0,USD,upgrade
EVT_00522,CUST_0021,2025-07-02 01:59:00,0,VND,cancel
EVT_00023,CUST_0021,2025-10-20 18:40:00,99,USD,downgrade
EVT_00357,CUST_0028,2025-04-25 09:58:00,299,USD,upgrade
EVT_01278,CUST_0029,2025-09-14 07:08:00,0,USD,signup
EVT_01520,CUST_0095,2025-08-07 14:49:00,99,EUR,signup
EVT_00341,CUST_0010,2025-07-21 20:59:00,2514600,VND,upgrade
EVT_00432,CUST_0076,2025-02-09 02:47:00,299,USD,signup
EVT_00474,CUST_0107,2025-05-13 08:54:00,0,USD,signup
EVT_00218,CUST_0114,2025-01-10 00:38:00,99,USD,signup
EVT_00912,CUST_0029,2025-08-28 13:10:00,0,VND,signup
EVT_01228,CUST_0016,2025-07-15 05:33:00,99,USD,cancel
EVT_01554,CUST_0102,2025-08-12 14:26:00,736600,VND,signup
EVT_01012,CUST_0078,2025-08-16 15:01:00,29,EUR,downgrade
EVT_01751,CUST_0033,2025-11-22 02:52:00,29,EUR,signup
EVT_00094,CUST_0033,2025-11-24 20:36:00,99,,upgrade
EVT_01009,CUST_0091,2025-11-29 15:12:00,29,USD,downgrade
EVT_01071,CUST_0016,2025-07-27 14:57:00,2514600,VND,upgrade
EVT_01093,CUST_0030,2025-08-15 06:18:00,29,USD,downgrade
EVT_01624,CUST_0116,2025-03-28 17:30:00,99,USD,upgrade
EVT_00697,CUST_0004,2025-02-11 07:10:00,99,USD,downgrade
EVT_01615,CUST_0017,2025-05-25 00:00:00,29,USD,upgrade
EVT_00997,CUST_0030,2025-05-31 18:17:00,29,USD,downgrade
EVT_00154,CUST_0071,2025-09-25 07:27:00,736600,VND,downgrade
EVT_01100,CUST_0019,2025-08-22 12:55:00,29,USD,downgrade
EVT_01553,CUST_0008,2025-12-11 14:55:00,99,USD,upgrade
EVT_01798,CUST_0071,2025-09-26 18:03:00,299,EUR,signup
EVT_00790,CUST_0087,2025-07-23 12:46:00,0,USD,upgrade
EVT_00581,CUST_0035,2025-07-31 18:50:00,0,USD,cancel
EVT_00704,CUST_0097,2025-05-22 22:00:00,99,USD,downgrade
EVT_01213,CUST_0041,2025-12-30 08:36:00,0,USD,signup
EVT_01296,CUST_0008,2025-07-17 04:33:00,29,USD,downgrade
EVT_01505,CUST_0034,2025-06-18 09:57:00,99,USD,upgrade
EVT_01261,CUST_0089,2025-04-10 11:52:00,0,USD,signup
EVT_00488,CUST_0069,2025-03-13 22:17:00,99,EUR,upgrade
EVT_00560,CUST_0091,2025-03-09 16:58:00,99,EUR,upgrade
EVT_01142,CUST_0054,2025-03-24 13:49:00,99,USD,downgrade
EVT_01120,CUST_0074,2025-08-10 13:08:00,999,EUR,downgrade
EVT_00802,CUST_0096,2025-07-12 11:48:00,99,USD,signup
EVT_00513,CUST_0073,2025-03-24 00:10:00,299,EUR,signup
EVT_00634,CUST_0037,2025-03-14 13:06:00,29,USD,signup
EVT_01331,CUST_0118,2025-06-08 13:40:00,736600,VND,upgrade
EVT_01610,CUST_0058,2025-10-19 04:44:00,99,EUR,cancel
EVT_01151,CUST_0117,2025-06-03 16:02:00,736600,VND,upgrade
EVT_00791,CUST_0077,2025-04-09 13:52:00,7594600,VND,signup
EVT_00117,CUST_0018,2025-08-04 11:21:00,29,EUR,upgrade
EVT_00741,CUST_0093,2025-03-02 09:01:00,999,USD,downgrade
EVT_01082,CUST_0090,2025-01-12 12:49:00,29,USD,signup
EVT_00831,CUST_0039,2025-12-03 15:19:00,299,USD,upgrade
EVT_00120,CUST_0087,2025-10-15 20:14:00,0,VND,upgrade
EVT_00657,CUST_0092,2025-05-27 02:24:00,0,USD,signup
EVT_01712,CUST_0065,2025-07-24 09:35:00,99,USD,signup
EVT_00636,CUST_0074,2025-01-27 21:13:00,29,USD,signup
EVT_00370,CUST_0051,2025-04-24 23:22:00,0,USD,downgrade
EVT_00269,CUST_0012,2025-03-13 06:39:00,299,USD,upgrade
EVT_00656,CUST_0018,2025-10-13 12:36:00,29,USD,cancel
EVT_00936,CUST_0043,2025-04-03 06:31:00,29,USD,downgrade
EVT_00823,CUST_0015,2025-10-21 11:56:00,0,VND,downgrade
EVT_00867,CUST_0004,2025-08-06 17:55:00,99,USD,upgrade
EVT_00047,CUST_0080,2025-02-06 12:13:00,0,VND,upgrade
EVT_01543,CUST_0076,2025-09-14 07:49:00,2514600,VND,signup
EVT_00992,CUST_0070,2025-01-02 12:57:00,29,,signup
EVT_00877,CUST_0015,2025-09-19 15:07:00,0,VND,downgrade
EVT_00774,CUST_0098,2025-12-20 22:48:00,736600,VND,downgrade
EVT_01220,CUST_0097,2025-07-23 22:26:00,99,USD,downgrade
EVT_01800,CUST_0006,2025-07-29 03:09:00,99,USD,upgrade
EVT_00005,CUST_0078,2025-04-15 10:59:00,99,USD,signup
EVT_01004,CUST_0069,2025-03-14 09:33:00,299,EUR,cancel
EVT_01556,CUST_0119,2025-08-11 05:22:00,29,USD,upgrade
EVT_00264,CUST_0001,2025-08-17 03:35:00,0,USD,downgrade
EVT_01415,CUST_0115,2025-12-07 14:54:00,99,USD,upgrade
EVT_01648,CUST_0120,2025-09-21 02:57:00,29,EUR,upgrade
EVT_00444,CUST_0009,2025-06-19 01:01:00,99,USD,upgrade
EVT_01003,CUST_0038,2025-06-30 06:32:00,99,USD,upgrade
EVT_01078,CUST_0052,2025-11-10 01:39:00,29,EUR,upgrade
EVT_00838,CUST_0096,2025-03-11 12:00:00,29,USD,upgrade
EVT_01613,CUST_0005,2025-09-28 02:05:00,29,USD,upgrade
EVT_00305,CUST_0115,2025-06-02 16:57:00,99,USD,downgrade
EVT_01403,CUST_0064,2025-08-16 17:25:00,99,USD,upgrade
EVT_00314,CUST_0056,2025-09-20 07:00:00,736600,VND,downgrade
EVT_00150,CUST_0082,2025-05-14 04:45:00,29,EUR,downgrade
EVT_01149,CUST_0073,2025-12-15 15:41:00,29,USD,signup
EVT_01214,CUST_0024,2025-03-27 16:57:00,99,USD,upgrade
EVT_00575,CUST_0110,2025-04-02 18:20:00,29,EUR,upgrade
EVT_00051,CUST_0038,2025-07-11 03:45:00,0,USD,upgrade
EVT_01606,CUST_0036,2025-05-13 23:52:00,29,EUR,upgrade
EVT_00727,CUST_0064,2025-08-07 05:06:00,29,USD,signup
EVT_00834,CUST_0022,2025-02-06 14:26:00,0,EUR,signup
EVT_01116,CUST_0113,2025-04-18 05:43:00,299,USD,downgrade
EVT_01167,CUST_0105,2025-03-05 00:36:00,29,USD,downgrade
EVT_00471,CUST_0064,2025-12-08 16:07:00,29,USD,downgrade
EVT_00972,CUST_0071,2025-07-23 11:17:00,99,USD,downgrade
EVT_00654,CUST_0011,2025-09-08 16:37:00,999,USD,downgrade
EVT_00400,CUST_0066,2025-01-17 04:16:00,99,EUR,upgrade
EVT_00512,CUST_0049,2025-02-15 13:21:00,25374600,VND,cancel
EVT_00321,CUST_0053,2025-11-19 06:08:00,299,EUR,downgrade
EVT_00020,CUST_0097,2025-09-16 09:37:00,29,USD,upgrade
EVT_00685,CUST_0054,2025-08-23 13:23:00,299,USD,signup
EVT_00036,CUST_0080,2025-06-19 16:52:00,29,USD,cancel
EVT_00903,CUST_0005,2025-01-25 04:36:00,999,EUR,signup
EVT_00828,CUST_0001,2025-03-10 08:46:00,29,USD,upgrade
EVT_01618,CUST_0086,2025-01-12 00:27:00,29,USD,downgrade
EVT_00408,CUST_0092,2025-05-05 20:59:00,99,USD,cancel
EVT_00921,CUST_0047,2025-04-14 12:51:00,736600,VND,downgrade
EVT_00538,CUST_0005,2025-08-06 12:50:00,0,EUR,upgrade
EVT_00759,CUST_0062,2025-02-11 04:13:00,299,USD,upgrade
EVT_01063,CUST_0096,2025-06-17 15:31:00,299,EUR,cancel
EVT_01200,CUST_0089,2025-04-06 10:00:00,0,EUR,upgrade
EVT_00246,CUST_0090,2025-01-23 09:07:00,0,VND,upgrade
EVT_01128,CUST_0104,2025-09-05 12:44:00,29,USD,downgrade
EVT_00785,CUST_0036,2025-07-26 10:52:00,29,USD,signup
EVT_00490,CUST_0031,2025-09-21 23:16:00,736600,VND,signup
EVT_00155,CUST_0061,2025-07-14 06:52:00,299,USD,signup
EVT_00962,CUST_0044,2025-12-02 19:20:00,29,USD,signup
EVT_00854,CUST_0110,2025-10-18 14:49:00,29,USD,signup
EVT_01312,CUST_0004,2025-04-28 21:03:00,29,EUR,cancel
EVT_00626,CUST_0082,2025-03-03 21:13:00,299,USD,downgrade
EVT_00686,CUST_0082,2025-09-13 21:34:00,299,EUR,upgrade
EVT_01407,CUST_0083,2025-05-16 16:12:00,299,USD,cancel
EVT_00570,CUST_0076,2025-03-14 12:36:00,29,USD,signup
EVT_01713,CUST_0016,2025-07-13 17:44:00,29,USD,upgrade
EVT_00018,CUST_0097,2025-05-26 21:23:00,736600,VND,upgrade
EVT_00128,CUST_0015,2025-09-14 14:48:00,99,USD,upgrade
EVT_01347,CUST_0079,2025-07-18 23:24:00,29,USD,upgrade
EVT_01280,CUST_0056,2025-07-05 11:40:00,0,USD,signup
EVT_01769,CUST_0011,2025-09-09 20:25:00,29,USD,cancel
EVT_00928,CUST_0064,2025-11-06 14:59:00,29,USD,upgrade
EVT_00981,CUST_0032,2025-08-30 00:25:00,736600,VND,signup
EVT_01765,CUST_0106,2025-12-09 20:58:00,999,USD,downgrade
EVT_00191,CUST_0117,2025-03-15 05:43:00,29,USD,upgrade
EVT_01140,CUST_0053,2025-02-07 06:33:00,736600,VND,downgrade
EVT_00993,CUST_0042,2025-10-08 12:37:00,736600,VND,downgrade
EVT_01756,CUST_0097,2025-07-05 03:46:00,0,EUR,downgrade
EVT_01579,CUST_0028,2025-07-08 00:10:00,0,USD,downgrade
EVT_00607,CUST_0009,2025-10-07 22:05:00,0,EUR,cancel
EVT_00181,CUST_0097,2025-04-08 20:11:00,29,USD,upgrade
EVT_00302,CUST_0027,2025-10-30 12:31:00,29,USD,downgrade
EVT_00497,CUST_0100,2025-07-17 12:53:00,0,USD,upgrade
EVT_01531,CUST_0019,2025-12-28 10:28:00,29,USD,cancel
EVT_01544,CUST_0031,2025-06-09 21:28:00,7594600,VND,downgrade
EVT_01711,CUST_0004,2025-12-16 08:20:00,2514600,VND,cancel
EVT_01794,CUST_0097,2025-02-13 10:00:00,0,VND,upgrade
EVT_00518,CUST_0069,2025-08-08 12:18:00,0,USD,downgrade
EVT_01785,CUST_0112,2025-02-25 05:38:00,99,USD,cancel
EVT_01070,CUST_0060,2025-05-17 23:26:00,0,VND,upgrade
EVT_00477,CUST_0049,2025-08-27 18:31:00,29,EUR,signup
EVT_00158,CUST_0052,2025-07-15 15:27:00,0,USD,cancel
EVT_01244,CUST_0007,2025-08-20 23:13:00,736600,VND,cancel
EVT_01196,CUST_0063,2025-10-01 01:35:00,29,USD,signup
EVT_00017,CUST_0028,2025-06-01 08:05:00,29,EUR,signup
EVT_01073,CUST_0085,2025-01-27 17:27:00,999,USD,signup
EVT_01772,CUST_0108,2025-04-14 20:45:00,299,USD,signup
EVT_00547,CUST_0021,2025-01-30 21:55:00,0,EUR,signup
EVT_00659,CUST_0066,2025-12-09 01:15:00,2514600,VND,cancel
EVT_01467,CUST_0046,2025-01-20 05:43:00,2514600,VND,signup
EVT_01020,CUST_0091,2025-07-07 12:26:00,299,EUR,cancel
EVT_01502,CUST_0050,2025-12-27 21:21:00,2514600,VND,signup
EVT_00960,CUST_0109,2025-12-20 23:05:00,7594600,VND,cancel
EVT_01693,CUST_0059,2025-07-10 06:54:00,0,USD,cancel
EVT_00284,CUST_0077,2025-06-09 08:03:00,29,EUR,signup
EVT_00798,CUST_0081,2025-12-07 12:51:00,99,USD,upgrade
EVT_01468,CUST_0096,2025-08-03 02:54:00,99,EUR,upgrade
EVT_00226,CUST_0109,2025-09-04 06:02:00,299,USD,upgrade
EVT_00027,CUST_0026,2025-04-11 17:35:00,99,EUR,signup
EVT_01595,CUST_0013,2025-01-31 15:55:00,736600,VND,downgrade
EVT_00438,CUST_0070,2025-12-13 16:09:00,99,USD,signup
EVT_01750,CUST_0070,2025-10-28 13:31:00,299,USD,signup
EVT_01389,CUST_0112,2025-10-17 09:51:00,29,USD,downgrade
EVT_00230,CUST_0105,2025-08-27 06:07:00,99,USD,signup
EVT_00038,CUST_0021,2025-03-10 16:31:00,29,EUR,upgrade
EVT_00750,CUST_0030,2025-03-12 01:18:00,29,EUR,signup
EVT_01046,CUST_0004,2025-05-09 09:42:00,0,EUR,upgrade
EVT_01399,CUST_0073,2025-02-24 03:31:00,99,USD,cancel
EVT_00470,CUST_0005,2025-05-16 21:04:00,29,EUR,downgrade
EVT_01528,CUST_0062,2025-01-15 13:25:00,2514600,VND,cancel
EVT_01768,CUST_0044,2025-06-12 04:18:00,29,EUR,downgrade
EVT_00688,CUST_0003,2025-03-31 14:16:00,29,USD,signup
EVT_01659,CUST_0066,2025-04-12 09:33:00,736600,VND,upgrade
EVT_00640,CUST_0105,2025-01-09 03:34:00,99,USD,upgrade
EVT_01547,CUST_0037,2025-05-29 22:21:00,0,VND,signup
EVT_01219,CUST_0034,2025-01-03 22:46:00,29,USD,upgrade
EVT_01159,CUST_0103,2025-11-01 05:44:00,29,USD,downgrade
EVT_01416,CUST_0025,2025-08-19 14:17:00,2514600,VND,downgrade
EVT_01495,CUST_0098,2025-05-23 05:17:00,99,USD,cancel
EVT_01301,CUST_0053,2025-04-16 00:44:00,0,USD,downgrade
EVT_01641,CUST_0001,2025-01-29 02:50:00,0,VND,signup
EVT_00801,CUST_0048,2025-09-15 17:25:00,99,USD,signup
EVT_00161,CUST_0010,2025-01-14 14:48:00,99,USD,upgrade
EVT_00957,CUST_0045,2025-09-01 00:31:00,7594600,VND,downgrade
EVT_01187,CUST_0061,2025-11-04 00:34:00,99,USD,signup
EVT_00822,CUST_0027,2025-11-18 03:03:00,99,EUR,signup
EVT_01519,CUST_0118,2025-12-18 13:53:00,299,EUR,downgrade
EVT_00878,CUST_0027,2025-12-18 17:07:00,29,USD,downgrade
EVT_00914,CUST_0062,2025-01-11 00:07:00,2514600,VND,signup
EVT_00153,CUST_0064,2025-05-07 20:23:00,99,USD,downgrade
EVT_01653,CUST_0070,2025-10-25 16:55:00,0,VND,downgrade
EVT_00510,CUST_0068,2025-03-21 12:36:00,299,USD,cancel
EVT_01136,CUST_0064,2025-02-17 01:20:00,736600,VND,downgrade
EVT_01251,CUST_0013,2025-10-30 10:12:00,0,VND,downgrade
EVT_01503,CUST_0051,2025-04-21 23:27:00,29,USD,signup
EVT_00104,CUST_0070,2025-02-24 17:23:00,299,USD,downgrade
EVT_01446,CUST_0101,2025-07-28 07:13:00,2514600,VND,downgrade
EVT_01444,CUST_0075,2025-08-05 12:02:00,29,USD,cancel
EVT_00587,CUST_0118,2025-10-15 01:00:00,99,USD,cancel
EVT_01593,CUST_0063,2025-10-26 11:48:00,299,USD,downgrade
EVT_01144,CUST_0057,2025-06-01 15:49:00,99,USD,upgrade
EVT_00054,CUST_0050,2025-12-19 03:18:00,29,USD,downgrade
EVT_00152,CUST_0021,2025-10-25 05:59:00,99,USD,downgrade
EVT_00404,CUST_0094,2025-08-18 05:39:00,0,USD,upgrade
EVT_01745,CUST_0037,2025-03-29 03:59:00,99,USD,downgrade
EVT_00208,CUST_0012,2025-09-08 11:37:00,0,USD,upgrade
EVT_01702,CUST_0097,2025-10-22 02:40:00,999,USD,signup
EVT_01123,CUST_0111,2025-08-06 17:06:00,99,EUR,upgrade
EVT_01635,CUST_0027,2025-07-24 03:13:00,29,EUR,signup
EVT_00009,CUST_0029,2025-07-12 09:21:00,29,USD,downgrade
EVT_01015,CUST_0110,2025-02-10 23:17:00,999,USD,signup
EVT_01617,CUST_0098,2025-03-27 19:28:00,299,USD,downgrade
EVT_01061,CUST_0038,2025-09-06 20:32:00,0,EUR,signup
EVT_00453,CUST_0053,2025-01-14 19:36:00,29,EUR,upgrade
EVT_00254,CUST_0104,2025-05-01 22:05:00,29,EUR,upgrade
EVT_01328,CUST_0116,2025-11-03 05:00:00,0,USD,cancel
EVT_00897,CUST_0030,2025-07-18 17:35:00,29,USD,upgrade
EVT_01564,CUST_0110,2025-04-20 08:14:00,29,USD,signup
EVT_00881,CUST_0066,2025-12-04 04:01:00,736600,VND,downgrade
EVT_01697,CUST_0005,2025-11-03 22:58:00,99,USD,downgrade
EVT_00624,CUST_0081,2025-12-17 22:15:00,29,USD,upgrade
EVT_00346,CUST_0111,2025-05-13 05:56:00,0,EUR,signup
EVT_01538,CUST_0090,2025-10-06 22:52:00,29,USD,cancel
EVT_00263,CUST_0080,2025-07-29 07:49:00,2514600,VND,upgrade
EVT_01322,CUST_0083,2025-08-20 03:55:00,0,EUR,downgrade
EVT_01439,CUST_0075,2025-10-08 21:11:00,99,USD,cancel
EVT_00151,CUST_0086,2025-11-08 09:59:00,29,EUR,upgrade
EVT_00473,CUST_0107,2025-11-14 23:29:00,29,EUR,downgrade
EVT_00641,CUST_0079,2025-09-11 06:49:00,0,USD,downgrade
EVT_01783,CUST_0043,2025-12-27 11:33:00,2514600,VND,upgrade
EVT_01694,CUST_0077,2025-12-15 14:25:00,99,USD,upgrade
EVT_00551,CUST_0102,2025-09-18 18:30:00,29,USD,cancel
EVT_00929,CUST_0095,2025-11-19 02:56:00,0,VND,downgrade
EVT_00489,CUST_0043,2025-11-03 10:13:00,0,USD,downgrade
EVT_01631,CUST_0080,2025-10-08 19:02:00,99,USD,upgrade
EVT_01172,CUST_0111,2025-05-21 10:25:00,99,EUR,downgrade
EVT_00147,CUST_0069,2025-01-07 23:39:00,29,USD,upgrade
EVT_01732,CUST_0037,2025-10-03 01:04:00,736600,VND,downgrade
EVT_00403,CUST_0071,2025-07-29 16:07:00,0,USD,upgrade
EVT_00955,CUST_0059,2025-03-30 12:40:00,0,USD,upgrade
EVT_01689,CUST_0116,2025-03-09 23:11:00,299,EUR,signup
EVT_00660,CUST_0006,2025-02-24 09:50:00,29,EUR,downgrade
EVT_01373,CUST_0100,2025-09-30 23:49:00,29,EUR,upgrade
EVT_00464,CUST_0058,2025-05-13 22:38:00,29,USD,signup
EVT_01350,CUST_0084,2025-10-30 14:57:00,736600,VND,upgrade
EVT_00187,CUST_0042,2025-07-05 01:21:00,29,EUR,signup
EVT_01148,CUST_0002,2025-11-19 00:31:00,0,VND,upgrade
EVT_01225,CUST_0073,2025-02-21 00:05:00,29,EUR,downgrade
EVT_00609,CUST_0069,2025-05-06 12:43:00,29,USD,downgrade
EVT_00144,CUST_0044,2025-08-26 18:37:00,736600,VND,upgrade
EVT_00752,CUST_0034,2025-03-29 22:10:00,0,USD,downgrade
EVT_01535,CUST_0011,2025-09-10 20:34:00,99,USD,signup
EVT_00982,CUST_0033,2025-03-13 21:53:00,736600,VND,upgrade
EVT_00198,CUST_0052,2025-04-24 02:31:00,299,EUR,upgrade
EVT_00884,CUST_0067,2025-04-06 18:23:00,0,USD,upgrade
EVT_00280,CUST_0035,2025-10-27 08:58:00,0,USD,signup
EVT_00294,CUST_0037,2025-06-03 03:31:00,299,EUR,cancel
EVT_01642,CUST_0035,2025-07-15 22:00:00,0,USD,upgrade
EVT_00401,CUST_0025,2025-06-13 04:57:00,2514600,VND,downgrade
EVT_00123,CUST_0036,2025-08-23 03:47:00,29,USD,upgrade
EVT_01208,CUST_0051,2025-01-12 10:14:00,29,EUR,upgrade
EVT_00203,CUST_0119,2025-12-28 04:10:00,99,USD,downgrade
EVT_01463,CUST_0098,2025-06-28 12:33:00,299,USD,upgrade
EVT_00836,CUST_0051,2025-03-26 13:04:00,29,USD,upgrade
EVT_00247,CUST_0028,2025-06-19 21:03:00,29,USD,signup
EVT_01440,CUST_0028,2025-04-27 15:24:00,99,EUR,downgrade
EVT_01708,CUST_0120,2025-06-24 00:33:00,99,USD,upgrade
EVT_01692,CUST_0071,2025-05-19 20:08:00,29,USD,cancel
EVT_01154,CUST_0070,2025-12-09 22:17:00,736600,VND,upgrade
EVT_01427,CUST_0065,2025-12-25 17:46:00,29,USD,upgrade
EVT_00385,CUST_0082,2025-04-08 08:53:00,0,VND,upgrade
EVT_01584,CUST_0005,2025-09-30 00:42:00,99,USD,signup
EVT_00855,CUST_0057,2025-11-12 05:35:00,25374600,VND,upgrade
EVT_00220,CUST_0092,2025-01-26 08:51:00,29,EUR,upgrade
EVT_00642,CUST_0090,2025-09-09 18:29:00,29,USD,signup
EVT_00002,CUST_0007,2025-02-04 04:04:00,736600,VND,upgrade
EVT_00113,CUST_0022,2025-05-25 19:58:00,29,USD,upgrade
EVT_00699,CUST_0013,2025-06-29 16:59:00,99,USD,downgrade
EVT_01719,CUST_0104,2025-01-17 13:57:00,736600,VND,cancel
EVT_00952,CUST_0020,2025-05-01 21:25:00,0,USD,upgrade
EVT_01577,CUST_0032,2025-04-12 19:52:00,0,USD,signup
EVT_01411,CUST_0091,2025-04-07 02:16:00,29,EUR,downgrade
EVT_01410,CUST_0092,2025-05-21 17:58:00,29,EUR,signup
EVT_01534,CUST_0005,2025-07-27 05:22:00,99,USD,upgrade
EVT_01292,CUST_0084,2025-11-01 11:05:00,99,USD,upgrade
EVT_01628,CUST_0064,2025-03-25 18:34:00,0,,downgrade
EVT_00442,CUST_0077,2025-11-11 08:40:00,0,USD,upgrade
EVT_01521,CUST_0073,2025-02-21 03:22:00,29,USD,cancel
EVT_01137,CUST_0089,2025-11-27 23:00:00,736600,VND,signup
EVT_01257,CUST_0109,2025-08-11 23:29:00,99,USD,upgrade
EVT_01677,CUST_0101,2025-04-13 17:24:00,29,USD,cancel
EVT_01398,CUST_0095,2025-08-01 07:38:00,7594600,VND,downgrade
EVT_00664,CUST_0087,2025-09-05 14:25:00,99,USD,cancel
EVT_01652,CUST_0020,2025-03-01 12:07:00,29,EUR,signup
EVT_01258,CUST_0049,2025-03-28 08:35:00,29,,cancel
EVT_01611,CUST_0074,2025-03-31 13:29:00,29,USD,downgrade
EVT_00318,CUST_0074,2025-02-28 15:10:00,2514600,VND,signup
EVT_00649,CUST_0071,2025-01-16 07:08:00,2514600,VND,signup
EVT_01435,CUST_0035,2025-03-20 03:00:00,99,USD,upgrade
EVT_01480,CUST_0057,2025-03-25 19:06:00,99,USD,cancel
EVT_00710,CUST_0022,2025-07-03 00:37:00,29,USD,cancel
EVT_01383,CUST_0001,2025-05-24 11:07:00,0,EUR,signup
EVT_01283,CUST_0013,2025-03-02 13:31:00,0,VND,signup
EVT_00973,CUST_0094,2025-10-05 08:32:00,0,,upgrade
EVT_00628,CUST_0036,2025-02-12 02:06:00,99,EUR,signup
EVT_00633,CUST_0096,2025-10-06 17:52:00,29,USD,downgrade
EVT_01307,CUST_0020,2025-10-23 04:37:00,299,USD,downgrade
EVT_01401,CUST_0054,2025-08-23 22:08:00,29,USD,downgrade
EVT_01409,CUST_0116,2025-06-09 14:55:00,99,EUR,downgrade
EVT_01249,CUST_0016,2025-09-06 17:53:00,29,USD,downgrade
EVT_01754,CUST_0089,2025-10-28 07:58:00,29,EUR,upgrade
EVT_01255,CUST_0046,2025-09-15 16:18:00,29,USD,downgrade
EVT_01497,CUST_0030,2025-06-24 00:25:00,0,USD,signup
EVT_01372,CUST_0058,2025-09-01 01:19:00,29,USD,downgrade
EVT_01530,CUST_0094,2025-09-24 21:12:00,29,USD,cancel
EVT_01355,CUST_0045,2025-12-02 12:00:00,299,USD,upgrade
EVT_01729,CUST_0100,2025-12-24 09:17:00,29,EUR,downgrade
EVT_01707,CUST_0057,2025-10-28 05:12:00,299,USD,downgrade
EVT_01664,CUST_0086,2025-02-22 15:05:00,29,USD,signup
EVT_00796,CUST_0062,2025-03-09 19:55:00,299,EUR,cancel
EVT_00646,CUST_0003,2025-02-10 03:55:00,299,USD,upgrade
EVT_01013,CUST_0082,2025-05-05 10:40:00,29,USD,cancel
EVT_01655,CUST_0001,2025-02-27 17:44:00,7594600,VND,upgrade
EVT_00557,CUST_0018,2025-08-30 12:29:00,99,USD,upgrade
EVT_00682,CUST_0070,2025-11-16 09:08:00,299,USD,upgrade
EVT_00578,CUST_0110,2025-11-16 22:12:00,29,EUR,downgrade
EVT_01110,CUST_0038,2025-09-07 20:52:00,99,USD,signup
EVT_01267,CUST_0018,2025-01-26 13:58:00,2514600,VND,cancel
EVT_01184,CUST_0092,2025-01-15 05:06:00,99,USD,downgrade
EVT_00525,CUST_0117,2025-01-01 03:38:00,299,EUR,signup
EVT_01060,CUST_0098,2025-06-06 07:18:00,29,USD,downgrade
EVT_00541,CUST_0010,2025-01-17 15:09:00,29,USD,upgrade
EVT_01195,CUST_0003,2025-05-26 10:51:00,0,EUR,signup
EVT_00749,CUST_0039,2025-03-07 19:47:00,99,EUR,downgrade
EVT_01667,CUST_0033,2025-04-10 03:27:00,99,EUR,signup
EVT_01431,CUST_0097,2025-04-21 14:09:00,29,EUR,signup
EVT_00485,CUST_0083,2025-07-11 10:27:00,29,USD,upgrade
EVT_00096,CUST_0052,2025-01-19 07:41:00,29,USD,downgrade
EVT_01021,CUST_0001,2025-09-23 03:47:00,999,USD,upgrade
EVT_00564,CUST_0016,2025-12-20 18:59:00,99,USD,signup
EVT_01265,CUST_0091,2025-07-31 23:07:00,29,USD,downgrade
EVT_00743,CUST_0102,2025-07-23 16:54:00,29,USD,signup
EVT_00864,CUST_0071,2025-03-06 18:13:00,999,EUR,upgrade
EVT_01599,CUST_0008,2025-07-02 20:32:00,299,USD,cancel
EVT_01485,CUST_0035,2025-11-23 05:23:00,299,USD,cancel
EVT_00892,CUST_0071,2025-05-31 01:44:00,99,USD,downgrade
EVT_01578,CUST_0026,2025-11-18 05:01:00,736600,VND,cancel
EVT_01039,CUST_0093,2025-06-21 22:11:00,99,USD,upgrade
EVT_00207,CUST_0097,2025-07-19 14:30:00,29,USD,downgrade
EVT_00393,CUST_0025,2025-01-30 14:28:00,0,EUR,upgrade
EVT_00795,CUST_0083,2025-10-23 06:51:00,99,USD,downgrade
EVT_00871,CUST_0101,2025-10-24 00:03:00,299,USD,upgrade
EVT_00398,CUST_0023,2025-04-04 16:37:00,0,VND,signup
EVT_00767,CUST_0086,2025-02-24 00:48:00,0,EUR,cancel
EVT_01657,CUST_0086,2025-03-26 14:24:00,99,USD,downgrade
EVT_01242,CUST_0102,2025-12-22 07:37:00,29,USD,cancel
EVT_01029,CUST_0023,2025-09-14 21:09:00,29,USD,cancel
EVT_00643,CUST_0012,2025-09-11 04:27:00,29,USD,upgrade
EVT_01699,CUST_0079,2025-05-29 23:17:00,0,USD,upgrade
EVT_00613,CUST_0062,2025-04-11 07:57:00,999,USD,upgrade
EVT_00961,CUST_0005,2025-08-01 09:45:00,29,USD,upgrade
EVT_01571,CUST_0015,2025-08-28 01:41:00,0,USD,upgrade
EVT_00726,CUST_0088,2025-05-19 05:07:00,29,EUR,signup
EVT_00684,CUST_0020,2025-02-03 08:31:00,0,USD,downgrade
EVT_00099,CUST_0117,2025-09-01 21:21:00,29,EUR,upgrade
EVT_00805,CUST_0103,2025-09-21 10:01:00,2514600,VND,upgrade
EVT_01598,CUST_0070,2025-04-09 16:45:00,29,USD,upgrade
EVT_00407,CUST_0053,2025-05-15 22:15:00,29,USD,downgrade
EVT_00503,CUST_0011,2025-07-07 22:23:00,29,EUR,downgrade
EVT_01072,CUST_0027,2025-05-20 19:33:00,29,EUR,upgrade
EVT_01057,CUST_0097,2025-11-19 15:58:00,99,USD,signup
EVT_00930,CUST_0109,2025-03-07 18:27:00,2514600,,upgrade
EVT_00780,CUST_0037,2025-11-28 23:22:00,0,USD,upgrade
EVT_00201,CUST_0058,2025-11-21 23:19:00,299,USD,signup
EVT_00135,CUST_0001,2025-03-04 04:03:00,736600,,cancel
EVT_01052,CUST_0117,2025-05-27 23:45:00,99,USD,downgrade
EVT_00041,CUST_0094,2025-06-15 04:15:00,29,USD,cancel
EVT_01018,CUST_0050,2025-03-14 01:15:00,0,VND,upgrade
EVT_00231,CUST_0014,2025-04-07 17:36:00,29,USD,downgrade
EVT_01514,CUST_0119,2025-12-05 19:33:00,999,EUR,cancel
EVT_00379,CUST_0028,2025-08-14 16:58:00,0,VND,upgrade
EVT_00289,CUST_0120,2025-07-28 15:03:00,0,VND,cancel
EVT_00419,CUST_0011,2025-07-08 02:29:00,29,USD,downgrade
EVT_00392,CUST_0020,2025-10-20 17:25:00,2514600,VND,signup
EVT_00593,CUST_0021,2025-02-18 14:35:00,736600,VND,upgrade
EVT_01523,CUST_0042,2025-12-07 08:38:00,0,USD,signup
EVT_01163,CUST_0043,2025-10-10 19:29:00,25374600,VND,upgrade
EVT_01087,CUST_0001,2025-08-23 07:37:00,29,USD,downgrade
EVT_01496,CUST_0099,2025-06-26 10:00:00,99,EUR,cancel
EVT_00648,CUST_0077,2025-04-06 11:11:00,99,USD,upgrade
EVT_01153,CUST_0020,2025-03-15 00:13:00,29,USD,downgrade
EVT_01368,CUST_0039,2025-09-04 17:35:00,0,USD,upgrade
EVT_00521,CUST_0035,2025-02-22 07:40:00,99,USD,signup
EVT_00065,CUST_0110,2025-07-13 22:15:00,0,USD,upgrade
EVT_00015,CUST_0055,2025-11-02 17:48:00,736600,VND,upgrade
EVT_01181,CUST_0066,2025-03-16 16:07:00,29,EUR,cancel
EVT_01065,CUST_0083,2025-09-07 09:19:00,29,EUR,upgrade
EVT_00493,CUST_0030,2025-10-04 18:31:00,299,USD,cancel
EVT_00380,CUST_0022,2025-08-06 16:25:00,2514600,VND,cancel
EVT_00188,CUST_0082,2025-04-17 14:30:00,99,EUR,cancel
EVT_00764,CUST_0025,2025-10-15 21:46:00,29,EUR,signup
EVT_00217,CUST_0096,2025-01-14 02:12:00,29,USD,cancel
EVT_00792,CUST_0078,2025-12-04 05:02:00,99,USD,signup
EVT_01077,CUST_0087,2025-10-22 20:42:00,99,EUR,signup
EVT_00879,CUST_0088,2025-07-02 23:00:00,99,EUR,signup
EVT_00338,CUST_0033,2025-10-23 03:55:00,99,USD,signup
EVT_00720,CUST_0022,2025-06-09 02:28:00,0,USD,cancel
EVT_00296,CUST_0078,2025-07-07 05:35:00,0,VND,upgrade
EVT_01017,CUST_0003,2025-12-03 20:33:00,29,USD,upgrade
EVT_01276,CUST_0014,2025-12-07 03:52:00,2514600,VND,cancel
EVT_01486,CUST_0061,2025-05-02 18:48:00,29,USD,downgrade
EVT_00456,CUST_0089,2025-05-02 03:51:00,0,USD,cancel
EVT_01797,CUST_0104,2025-02-03 12:42:00,99,USD,upgrade
EVT_00816,CUST_0039,2025-06-04 17:57:00,99,USD,signup
EVT_00270,CUST_0015,2025-06-19 01:51:00,29,USD,upgrade
EVT_00996,CUST_0103,2025-05-22 20:15:00,29,USD,downgrade
EVT_00202,CUST_0002,2025-07-02 19:57:00,999,USD,downgrade
EVT_00162,CUST_0088,2025-04-25 22:42:00,999,USD,signup
EVT_01580,CUST_0072,2025-07-02 19:27:00,736600,VND,signup
EVT_00730,CUST_0005,2025-10-08 13:23:00,299,USD,upgrade
EVT_00402,CUST_0010,2025-08-19 17:39:00,25374600,VND,downgrade
EVT_00703,CUST_0086,2025-12-08 20:04:00,0,USD,signup
EVT_01501,CUST_0064,2025-05-13 03:36:00,299,USD,signup
EVT_01130,CUST_0043,2025-12-19 20:42:00,299,USD,signup
EVT_00566,CUST_0024,2025-03-16 11:20:00,0,USD,signup
EVT_01414,CUST_0077,2025-11-22 05:55:00,99,USD,signup
EVT_01022,CUST_0059,2025-12-11 04:01:00,99,USD,upgrade
EVT_01026,CUST_0084,2025-10-19 00:46:00,736600,VND,upgrade
EVT_01412,CUST_0104,2025-08-25 09:02:00,29,USD,upgrade
EVT_01586,CUST_0047,2025-08-21 06:15:00,2514600,VND,downgrade
EVT_01105,CUST_0013,2025-05-27 10:11:00,0,USD,signup
EVT_00206,CUST_0078,2025-08-20 04:33:00,299,,downgrade
EVT_00035,CUST_0048,2025-02-11 06:07:00,2514600,VND,upgrade
EVT_00776,CUST_0010,2025-04-12 05:58:00,736600,VND,upgrade
EVT_00509,CUST_0106,2025-06-13 13:50:00,99,USD,downgrade
EVT_01452,CUST_0087,2025-05-31 07:16:00,29,,downgrade
EVT_01479,CUST_0007,2025-11-08 00:43:00,29,EUR,downgrade
EVT_01771,CUST_0022,2025-01-26 12:42:00,29,EUR,upgrade
EVT_01391,CUST_0034,2025-12-03 09:26:00,29,USD,signup
EVT_00092,CUST_0079,2025-01-02 14:59:00,29,EUR,cancel
EVT_01364,CUST_0108,2025-05-30 09:31:00,0,EUR,downgrade
EVT_00898,CUST_0036,2025-11-16 04:06:00,25374600,VND,upgrade
EVT_00565,CUST_0010,2025-01-20 10:37:00,29,EUR,signup
EVT_01370,CUST_0028,2025-04-03 13:11:00,0,VND,upgrade
EVT_00777,CUST_0002,2025-06-20 09:35:00,0,VND,signup
EVT_00242,CUST_0090,2025-01-10 02:21:00,29,USD,downgrade
EVT_00014,CUST_0003,2025-03-05 00:25:00,99,USD,downgrade
EVT_00316,CUST_0071,2025-05-07 01:19:00,999,USD,upgrade
EVT_00601,CUST_0079,2025-07-02 14:38:00,736600,VND,signup
EVT_00388,CUST_0111,2025-12-22 14:05:00,29,USD,upgrade
EVT_01298,CUST_0098,2025-02-17 07:18:00,0,USD,downgrade
EVT_00167,CUST_0049,2025-01-05 01:11:00,736600,VND,upgrade
EVT_00841,CUST_0092,2025-06-17 13:21:00,99,USD,cancel
EVT_00021,CUST_0008,2025-03-05 21:08:00,99,USD,upgrade
EVT_00647,CUST_0043,2025-08-13 20:40:00,7594600,VND,cancel
EVT_01509,CUST_0111,2025-02-28 00:33:00,29,EUR,signup
EVT_01155,CUST_0099,2025-01-14 22:27:00,29,USD,cancel
EVT_01529,CUST_0085,2025-07-09 22:47:00,29,EUR,upgrade
EVT_00832,CUST_0069,2025-09-09 13:06:00,299,USD,upgrade
EVT_01268,CUST_0051,2025-05-30 15:05:00,99,USD,signup
EVT_01591,CUST_0039,2025-10-02 12:13:00,29,USD,downgrade
EVT_00563,CUST_0064,2025-03-22 23:37:00,0,USD,upgrade
EVT_01753,CUST_0112,2025-12-02 13:26:00,299,USD,upgrade
EVT_00687,CUST_0085,2025-09-04 16:21:00,29,USD,upgrade
EVT_00958,CUST_0083,2025-03-02 21:27:00,999,USD,downgrade
EVT_00190,CUST_0079,2025-05-06 14:45:00,29,USD,signup
EVT_00976,CUST_0106,2025-02-02 03:13:00,99,EUR,upgrade
EVT_00700,CUST_0099,2025-04-20 22:12:00,99,USD,downgrade
EVT_01500,CUST_0064,2025-12-23 11:10:00,299,EUR,signup
EVT_01706,CUST_0029,2025-06-09 00:06:00,29,USD,cancel
EVT_00511,CUST_0007,2025-07-19 01:26:00,29,USD,upgrade
EVT_01083,CUST_0116,2025-04-10 19:42:00,736600,VND,upgrade
EVT_00475,CUST_0077,2025-08-23 00:11:00,99,USD,cancel
EVT_01585,CUST_0117,2025-11-16 18:34:00,0,EUR,cancel
EVT_00857,CUST_0095,2025-09-23 08:42:00,29,USD,upgrade
EVT_00748,CUST_0062,2025-02-04 00:23:00,299,USD,downgrade
EVT_00253,CUST_0018,2025-09-20 13:46:00,0,USD,upgrade
EVT_00022,CUST_0112,2025-06-07 15:49:00,99,USD,upgrade
EVT_01338,CUST_0069,2025-06-21 09:11:00,0,EUR,cancel
EVT_00460,CUST_0004,2025-03-26 06:33:00,99,USD,upgrade
EVT_01185,CUST_0024,2025-02-04 22:28:00,99,EUR,upgrade
EVT_00277,CUST_0111,2025-05-24 16:49:00,99,USD,signup
EVT_00956,CUST_0071,2025-03-13 13:46:00,29,USD,signup
EVT_01216,CUST_0047,2025-09-14 05:30:00,0,USD,upgrade
EVT_00386,CUST_0064,2025-07-08 23:11:00,99,USD,upgrade
EVT_00806,CUST_0083,2025-09-05 08:14:00,29,USD,upgrade
EVT_01438,CUST_0046,2025-07-04 04:02:00,99,EUR,downgrade
EVT_01516,CUST_0091,2025-07-10 00:03:00,0,VND,cancel
EVT_00344,CUST_0116,2025-07-05 10:28:00,29,USD,signup
EVT_00770,CUST_0021,2025-08-27 13:00:00,99,USD,cancel
EVT_01333,CUST_0065,2025-09-16 01:12:00,29,USD,signup
EVT_01686,CUST_0043,2025-06-22 18:05:00,25374600,VND,downgrade
EVT_00131,CUST_0039,2025-05-21 07:19:00,29,USD,signup
EVT_01688,CUST_0081,2025-02-05 03:32:00,29,USD,upgrade
EVT_00872,CUST_0063,2025-10-21 12:11:00,29,EUR,downgrade
EVT_01124,CUST_0004,2025-08-26 17:04:00,99,EUR,signup
EVT_01397,CUST_0108,2025-10-05 14:26:00,29,EUR,upgrade
EVT_00088,CUST_0065,2025-09-18 15:15:00,29,USD,upgrade
EVT_01483,CUST_0014,2025-03-21 17:08:00,736600,VND,upgrade
EVT_00331,CUST_0044,2025-06-01 13:39:00,736600,VND,downgrade
EVT_01239,CUST_0028,2025-05-09 02:00:00,29,USD,signup
EVT_00467,CUST_0111,2025-04-23 23:16:00,0,USD,signup
EVT_00122,CUST_0086,2025-10-03 05:39:00,0,VND,upgrade
EVT_01639,CUST_0088,2025-04-09 03:49:00,736600,VND,upgrade
EVT_01045,CUST_0039,2025-08-27 16:29:00,99,USD,upgrade
EVT_01725,CUST_0001,2025-08-13 03:28:00,99,USD,signup
EVT_01096,CUST_0006,2025-05-05 21:08:00,736600,VND,downgrade
EVT_01131,CUST_0010,2025-11-30 19:34:00,299,USD,cancel
EVT_01295,CUST_0043,2025-07-12 19:52:00,99,USD,downgrade
EVT_00861,CUST_0009,2025-10-28 08:39:00,99,USD,downgrade
EVT_01460,CUST_0096,2025-04-14 04:21:00,99,USD,cancel
EVT_01127,CUST_0102,2025-10-28 20:31:00,29,EUR,upgrade
